"","x"
"2087",0.203646104573531
"153",0.000272382271009531
"1626",0.00208871639733686
"824",0.0311848669206385
"2420",0.0229646933025381
"1244",0.00297291880125104
"2541",0.206692324747134
"1792",0.00682843362476618
"246",0.0493638531445836
"2126",0.0363088363957838
"2421",0.0220647741797275
"445",0.0307943047973548
"2954",0.0918671452650657
"1881",0.544187352103319
"1762",0.0260824443006782
"2630",0.136771518332018
"2011",0.000975817427173616
"351",0.000163867644098672
"3414",0.4671627589061
"1680",6.043388049777e-05
"3069",0.459815203961223
"1799",0.00486330152726458
"618",0.0641548430060549
"1165",0.153873933969412
"987",0.096114684523769
"1032",0.0112818898529749
"1454",0.000832413701295567
"3287",0.382085714763254
"2258",0.00388979137083932
"637",0.02656118513749
"3389",0.0588886425750797
"2385",0.123661583207459
"2239",0.018422223577885
"3018",0.169831608525085
"2085",0.228532298418286
"1348",0.175574425605545
"1112",0.000106450262547459
"2472",0.105917614244898
"1379",0.0423918650639953
"2402",0.0581336702877123
"602",0.131096884247235
"2071",0.45670541302004
"2989",0.00911370716400835
"3362",0.236034899408433
"2588",0.0208249698633
"2133",0.026769628240758
"513",0.000887019409832002
"1273",0.000591827878929631
"1340",0.24023949396664
"293",0.004155851422354
"3000",0.383426203876334
"399",0.227035247780975
"1215",0.0150913647474983
"3068",0.474938113911589
"474",0.00796853244103288
"2817",0.0370942449842424
"667",0.00630590966245488
"2018",0.000713764459070413
"444",0.0329677326515007
"3230",0.194414322781617
"1234",0.00520779980353298
"1000",0.049286089745027
"477",0.00593640672120922
"1924",0.0894706240918659
"2612",0.339436418648496
"1920",0.104782200432143
"1766",0.0219276798256074
"2919",0.441965369927197
"1315",1.4718223983467e-05
"3099",0.115187201263086
"1696",0.499031341368855
"2161",0.00377696382028459
"2538",0.224555587584283
"913",0.00021002510429559
"2236",0.0221723811002996
"2294",0.105381497549893
"281",0.00798718812495963
"3494",0.176429071383736
"2633",0.119894886833358
"4",0.498322103915114
"2397",0.0724647431128522
"2425",0.0158913255878197
"2865",0.151760727308419
"1284",0.000286511331338156
"2526",0.412930841087747
"2930",0.286998748147551
"2214",0.0609936270474309
"2383",0.137106810696317
"972",0.179057004332424
"3136",0.00908812313273809
"2789",0.134113963963606
"1108",0.000131187742559669
"1935",0.0500109806951398
"111",0.00296103999467671
"2213",0.0609936270474309
"1164",0.160417144266259
"3074",0.376741861640094
"1438",0.00225354153109446
"3032",0.0836040345602493
"3114",0.0529535729773273
"3271",0.0152040185391676
"3038",0.0584187283759213
"208",0.259279688697256
"2355",0.492234194144253
"608",0.100750234113038
"1091",0.000487129072772786
"1120",4.54752825765496e-05
"1262",0.00120917327958959
"868",0.00294433613072666
"1070",0.00147891811391444
"894",0.000864677404648442
"3238",0.135437244036134
"1466",0.000360581401176214
"752",9.6676146731821e-06
"1146",0.304623688286801
"2576",0.0390683250074301
"1550",0.0850837188519979
"1989",0.00382439144854184
"3019",0.159145739715836
"1163",0.169733095852338
"384",0.441674704604556
"1954",0.0198180825822329
"1154",0.220913573854187
"922",0.000112477464085165
"3034",0.0731187153776468
"2458",0.223077054568609
"3378",0.0962779198166009
"1735",0.0976036840560976
"183",1.27389410741416e-05
"3443",0.114322613677824
"3513",0.0673036118958734
"2818",0.0357585290380081
"2648",0.0602529554363929
"964",0.232262470476339
"763",0.388411712316696
"2906",0.0171068224128185
"946",0.521299615613351
"133",0.00106845164932998
"1473",0.000264765467282064
"2226",0.0347140499168523
"421",0.0946460180506579
"1632",0.00153439454240128
"1429",0.00329383362473925
"3476",0.472816197389627
"277",0.0118271285365341
"669",0.00512279822101288
"90",0.0103880041692059
"2972",0.0346030819654217
"3446",0.0913550471303352
"2176",0.348130320764285
"3186",0.0550423944784005
"2666",0.0254005613228654
"750",2.1032285198158e-05
"1235",0.00449359841822879
"2740",0.0352726452030352
"3384",0.0747533201884646
"2065",0.640699884264624
"640",0.0229862309271761
"1257",0.00170994940503488
"1075",0.00120917327958959
"2129",0.0317247224053139
"1150",0.26169269435995
"961",0.254315263947558
"1812",0.00238084732580636
"3397",0.0357419916527336
"2251",0.00915874500538965
"3192",0.0368921131388597
"2118",0.0563229316248812
"876",0.00199951754325286
"2665",0.0265792613492082
"1685",2.89250921045413e-05
"2352",0.00593357641777968
"2725",0.0725440023001661
"1733",0.106120259308376
"531",0.000304094002335873
"1963",0.01305466787495
"1838",0.000401417492894307
"938",2.37102537991206e-05
"3426",0.2772319538493
"2931",0.267441778826723
"263",0.0217208296763742
"222",0.140555814106508
"849",0.00953082124595215
"3267",0.020733501649203
"1748",0.0518504514883833
"2529",0.361931077276755
"1773",0.0166985087765234
"39",0.117620153952805
"395",0.278370302010551
"35",0.136354592888074
"2095",0.153811484877395
"2198",0.110246610284809
"2581",0.0299106042302501
"1839",0.000379913074590212
"1449",0.00115095043421227
"2408",0.0438742850948705
"2783",0.181923378646104
"1681",5.45929377909446e-05
"2493",0.0375442734398863
"2971",0.0365909002934584
"947",0.480600776917411
"69",0.0276710022826934
"2470",0.113345180504305
"1417",0.00681719620453193
"1923",0.0923818221531385
"1009",0.0335684963536585
"3298",0.204759671174497
"1959",0.0158803995208043
"1020",0.020820501445224
"1328",0.377131334243904
"1677",6.8710646016441e-05
"575",0.394890158776807
"1597",0.00925149179755588
"3177",0.086697730911183
"1295",0.000136115682396753
"700",0.000988579400369118
"1921",0.101007553827295
"1810",0.00248701498143272
"1774",0.0153821308909362
"37",0.127005830066845
"2395",0.0779540699356798
"2742",0.0328621569845343
"2557",0.0922027056527975
"2700",0.233275764914304
"2784",0.173868965907459
"1059",0.00280279799755274
"1652",0.000394645135199306
"116",0.00241477781869077
"1712",0.259279688697256
"1673",9.13753982731053e-05
"3146",0.350491526628908
"3140",0.519883537311769
"2434",0.00962481512767412
"3218",0.312032678298559
"3358",0.304023071607453
"2061",2.34980437896985e-05
"1588",0.014552876719758
"1393",0.0227327565665872
"741",6.1996693415442e-05
"2423",0.0198087657903873
"2813",0.0443527927593979
"1520",0.296276260718898
"1836",0.000451225335819801
"10",0.383818331208618
"3202",0.0153497820539772
"1064",0.00198260563778928
"1041",0.00752349528996122
"2768",0.390154902260197
"1151",0.249062570259236
"1847",0.000229218160090504
"1211",0.0185552815034774
"482",0.0046561665815781
"307",0.00207692324773999
"50",0.0639847246190418
"2915",0.605406428585344
"2324",0.0329677326515007
"3253",0.0699479019827829
"2560",0.0824344765122546
"1133",0.551215103830135
"1050",0.00481663186511781
"1385",0.0325707049561895
"1279",0.000382073979729261
"2435",0.0078902603642159
"718",0.000359732731123981
"869",0.00281870115469892
"3422",0.332842875751731
"359",8.24865363178726e-05
"553",5.79440304272419e-05
"91",0.00992001411275798
"1927",0.0805947481490423
"3310",0.11929746213125
"686",0.0021184924459774
"2698",0.257331430150633
"2808",0.057208634874094
"165",0.00011189481252295
"3087",0.217032140887412
"533",0.00026520478902623
"898",0.000723953868435553
"1506",0.556413482984702
"2064",8.62412524695437e-06
"1452",0.00101531435467499
"2680",0.00871279432822406
"2283",0.181080465145323
"1325",0.424957351624144
"2754",0.0168974687083253
"642",0.021219273027279
"2644",0.0714070508657245
"1034",0.0104636520426783
"85",0.0139388295196654
"3447",0.0875621587415411
"808",0.0625696691008472
"515",0.000887019409832002
"143",0.000555650674732159
"1996",0.00271372500387992
"3390",0.0563600895049275
"1964",0.0125381100894011
"2007",0.00142141211349713
"427",0.0736499234188102
"840",0.0141418307660527
"2619",0.26201323029545
"130",0.00122151731678967
"829",0.0235666795606349
"3089",0.195565260787534
"1993",0.00302380210957373
"2858",0.218966668234805
"1764",0.0238841198362835
"318",0.00121461452024748
"2157",0.00699226625659518
"1546",0.102933955196062
"3041",0.0488442261071082
"2333",0.0204098758519093
"1261",0.0013823707355537
"889",0.00107579051782754
"720",0.000304094002335873
"2739",0.0366910407687854
"216",0.173699735796659
"220",0.152188177651212
"1418",0.00634596862911688
"2509",0.0176599564149119
"3258",0.051077075536989
"3324",0.0535609761104639
"2465",0.146216304982292
"3016",0.184647797189849
"443",0.0329677326515007
"3491",0.215788755946233
"815",0.0457153997522859
"25",0.192019426915915
"2523",0.466869386331558
"3418",0.407440044260939
"78",0.0191011106647259
"1093",0.00043090892869442
"3314",0.0875621587415411
"13",0.348774407364131
"2812",0.0462438316212533
"3533",0.0099548021702584
"2037",0.000215455494838583
"1488",8.32496661965962e-05
"3313",0.0927778793134308
"2438",0.499325995414949
"2348",0.00884457190419678
"1134",0.51350755836147
"2769",0.381807485876165
"434",0.0566508977225037
"2484",0.0568144434151303
"1015",0.026166828212571
"622",0.0529776364218022
"2732",0.0548950220490853
"2457",0.223077054568609
"2845",0.414995564744429
"3052",0.0222748251755625
"1740",0.0774972389182712
"2286",0.152644959882209
"598",0.150517604218521
"2464",0.153964948930786
"1814",0.00206519654591565
"2419",0.0254297548121249
"2273",0.313101661697884
"1721",0.175745093700633
"472",0.00884877838611869
"745",3.83946171841598e-05
"551",6.58022228208829e-05
"1536",0.170935859014318
"1556",0.0611563124942137
"455",0.0200260039687558
"3058",0.0174155527436896
"773",0.251100783239908
"688",0.00196352542995654
"11",0.372202499298869
"2711",0.137779469476046
"2430",0.0115862769011795
"452",0.0223939331261598
"2770",0.36494005796215
"412",0.12476784412662
"3033",0.0769405864832077
"3456",0.0514102303971836
"1405",0.0129153785104171
"2168",0.454183291347397
"3423",0.316415317719802
"1686",2.40091211363817e-05
"1267",0.000874536915928102
"3232",0.178569982690546
"621",0.0555118973613462
"681",0.00272591820065275
"115",0.00250113087061178
"1049",0.00504508979573814
"1909",0.162046289975136
"3525",0.0285751895581027
"3317",0.0744429938907086
"3172",0.108909407418293
"367",3.83493929352719e-05
"1624",0.00227920148325809
"982",0.122540190868225
"2582",0.0286674008033014
"428",0.0691682457450576
"2062",1.9275082850942e-05
"2864",0.158230881757096
"1575",0.0254005613228654
"1233",0.00558576818507585
"792",0.126195080684598
"2332",0.0211261103059156
"2708",0.160893937964871
"2504",0.0218212339862356
"2905",0.0177092398124843
"2610",0.356055657243408
"2803",0.0738915234725193
"475",0.00649379084052055
"1522",0.276096479729398
"2895",0.0344140396666489
"2592",0.0172505160790584
"2914",0.00842763570683194
"1668",0.000151356261050962
"3128",0.0187671058885074
"1221",0.0103880041692059
"1085",0.000685182632031128
"3168",0.133320187268066
"2366",0.327562689511097
"2253",0.00856514037328686
"1477",0.000201610835480971
"1361",0.104406123873759
"726",0.000210971160176536
"1288",0.000216936665302896
"1058",0.00299473169872867
"791",0.131744559510104
"2004",0.00189792963647036
"1731",0.113560231290477
"2436",0.548698173180135
"605",0.11774253287675
"1216",0.0141187289250542
"2650",0.0550423944784005
"2338",0.0154503633986184
"1794",0.00592662853222154
"3372",0.140640260905868
"3471",0.0118021663053319
"919",0.000131187742559669
"3457",0.0485268491184366
"1616",0.00353092491931553
"1168",0.13212441373707
"3439",0.132284775731944
"981",0.130962685497258
"1037",0.00889868048352643
"267",0.0184009228783572
"759",0.538671534070908
"2109",0.0827751371199623
"2970",0.0392637934997541
"958",0.285162517693181
"2521",0.494361536255063
"1445",0.00162765300699697
"692",0.00148557139217067
"1898",0.255708255512234
"2662",0.0303596241485825
"1366",0.0805947481490423
"3070",0.433586482528287
"1372",0.0580047360444659
"3282",0.477060935828542
"3209",0.575228756612716
"2595",0.0129181727431761
"2351",0.00652738795727719
"1834",0.000585843432757237
"1892",0.360732404718407
"2616",0.288161210987174
"846",0.0111430136511455
"1646",0.000630359016446562
"1880",0.568978406729405
"1107",0.000141796885482811
"3077",0.336000175715918
"1042",0.00722419745346012
"2474",0.0919655219319287
"2790",0.129755463735
"485",0.00407446826376561
"1549",0.0878659501595822
"822",0.0338457031234094
"1572",0.0298283965073539
"1243",0.00322548486168731
"2568",0.0544551318168868
"168",9.67557760048779e-05
"1464",0.000396889801461577
"703",0.000841905634678769
"2378",0.182170316650035
"3429",0.220831017976018
"1406",0.0120277288352127
"1266",0.000946317460353035
"1446",0.00142376791008279
"917",0.000167073679045226
"3442",0.122869177383715
"3343",0.0122744836731769
"1966",0.0108905183924353
"1149",0.270789809930674
"2743",0.0315869242523591
"2849",0.35356772432386
"2885",0.0600925192486783
"3005",0.31066627557388
"1038",0.0085933510246852
"3152",0.270462472029869
"2329",0.0236209836309459
"2364",0.35033244334223
"3054",0.0205043473038215
"1045",0.00635946496771159
"1651",0.000427053791364321
"2537",0.237873565003881
"463",0.0130974701537747
"2005",0.00181172575916059
"512",0.000980209604599655
"1008",0.034730128816463
"1232",0.00558576818507585
"3",0.541078505224836
"685",0.002200493774296
"2033",0.000266585533721949
"93",0.00848324961527333
"638",0.0250346999497282
"70",0.0276710022826934
"301",0.00266050725308264
"2591",0.0172505160790584
"1471",0.000285699891024182
"2170",0.409095519489874
"1937",0.0431855677477474
"1431",0.00295614812507875
"2697",0.266331627158769
"2030",0.000314470541064974
"269",0.0169803129415801
"1066",0.00174623988577656
"1280",0.000353077587699523
"1187",0.0525522564314221
"1795",0.00572268661150709
"1415",0.0075411169868076
"2028",0.000353077587699523
"1523",0.264671913723384
"1468",0.000329456904051932
"1641",0.000939861005041653
"402",0.196197763662778
"3431",0.184575583125731
"1840",0.00036160544184431
"189",0.595196336607148
"1383",0.0364250681055372
"2393",0.0853593700098998
"192",0.487685950085553
"148",0.000422642207484547
"2695",0.308846584006469
"1649",0.000468721407488177
"2580",0.0310349088636322
"2524",0.444065457260408
"2683",0.52088576574942
"1238",0.00416561845586586
"1874",2.37382149753813e-05
"2390",0.101071034073751
"1526",0.243577207630046
"18",0.294949274743587
"1684",3.66300581230531e-05
"1302",7.99140157444725e-05
"3290",0.328082118491198
"294",0.00386333008764367
"1176",0.0880935866250905
"3262",0.0409008932523203
"2381",0.154334854821378
"1197",0.033884265362231
"714",0.000496894706325237
"459",0.0171031378632623
"21",0.231756975853715
"3191",0.0420283896582186
"1276",0.000496309692071136
"537",0.000198303859884477
"909",0.000305823788597261
"1121",4.37771243138051e-05
"2328",0.0252314742225444
"2870",0.121097490758665
"2044",0.000117228387724121
"1299",0.000107664996657222
"1595",0.0104172090342293
"119",0.00214869205811744
"388",0.372865647856652
"921",0.000122265370114822
"2010",0.00102228861282057
"511",0.000980209604599655
"2645",0.0714070508657245
"1025",0.0160215204663238
"1895",0.288403034848633
"3369",0.179648039220213
"3210",0.530081705123353
"2602",0.499620649929187
"128",0.0014204204632019
"435",0.0504398572457268
"2536",0.252482129335336
"2337",0.0166985087765234
"1369",0.0700871232872619
"1809",0.00257594458182028
"470",0.00981383798401081
"506",0.00119216271629942
"3499",0.141470506493259
"690",0.00185323733877637
"3273",0.0138706148178059
"2879",0.0793934817602097
"1611",0.00502257504990836
"1519",0.312135670693417
"3173",0.0997895329849209
"1116",7.4690202469953e-05
"2144",0.0152112031587727
"2694",0.330955652039775
"385",0.42675011174495
"1470",0.000299315574558286
"1882",0.51350755836147
"1816",0.00190331138841071
"1198",0.033884265362231
"31",0.156788681995715
"1508",0.497198296708896
"2797",0.098922476286472
"3410",0.00872712898285665
"1167",0.140413497336508
"874",0.00228566189036569
"43",0.0985030366289717
"725",0.000220400243747439
"2300",0.0852673964416374
"799",0.0964641117450296
"3141",0.506832582755404
"325",0.000891012261741464
"309",0.00200518677821776
"2947",0.118702612833603
"2249",0.0110443813122357
"3350",0.428021275005108
"1817",0.00180660250353592
"2063",1.71668342455697e-05
"1644",0.000685990123357229
"1130",9.6583434952106e-06
"2068",0.499740582720652
"1613",0.00466933297562646
"157",0.00021520175901948
"121",0.00195243774099761
"1913",0.134169683702986
"1975",0.0078442627051076
"3207",0.00991059507617971
"3127",0.0187671058885074
"1747",0.0541883013032613
"46",0.0760893646909383
"3326",0.0480594639114972
"708",0.000629616968239717
"1902",0.216269226376689
"495",0.0022255510454732
"2496",0.0320602775213788
"581",0.303423122419107
"1555",0.0647390553186953
"2796",0.106456133820092
"2993",0.56938505734288
"2593",0.0154609982395765
"432",0.0587194978261077
"2026",0.000415802291211516
"3299",0.197730342696451
"3347",0.486562865566486
"1346",0.187297263372625
"2801",0.0790655386632923
"1181",0.0688793789473809
"1604",0.00682843362476618
"3217",0.321497096288417
"711",0.000560128662931986
"178",3.96116286127308e-05
"1018",0.0228698686616616
"3233",0.171840890650598
"1581",0.019337229693148
"643",0.0204999462414845
"684",0.00230515293745031
"535",0.000212773995791679
"1517",0.340709782436292
"1653",0.000370339192247248
"155",0.000236203867922202
"138",0.000779329145698003
"2089",0.191579661296155
"1161",0.175574425605545
"1749",0.0497420996883074
"2281",0.225834940283903
"1203",0.0270048608164279
"473",0.00827509580108261
"3321",0.0642676589576625
"2203",0.089296596699248
"3135",0.00957088032890291
"1467",0.00034810631993504
"1739",0.0802622756992769
"3254",0.064810454880229
"3325",0.0513868402669524
"419",0.0977075428036867
"2132",0.0278559705365805
"1376",0.0498205448748821
"2107",0.0944032027227833
"540",0.000159737278037341
"2844",0.440275987997119
"984",0.109785005403189
"2407",0.0464947279673714
"2209",0.0732311853310322
"1990",0.00339788911017849
"2558",0.0922027056527975
"3341",0.0146685027575663
"1511",0.442665172248046
"3188",0.0495300452203444
"448",0.0275631662442515
"636",0.0289188141398125
"628",0.0391930311192
"83",0.0151088933089551
"134",0.000953274997137679
"3480",0.4156844737081
"2201",0.0997895329849209
"2036",0.000236482360633846
"2776",0.246111205167135
"1136",0.469694932610324
"2710",0.143057577494745
"2495",0.0344140396666489
"1323",0.457701955416745
"1491",6.40064974904452e-05
"3048",0.0312773321667127
"1213",0.0157553733276856
"2012",0.000975817427173616
"3379",0.093256560424226
"1123",3.90997865322541e-05
"674",0.00411594257880592
"401",0.212527419223384
"3071",0.405670998295536
"3102",0.103260909930111
"2807",0.0611287739318144
"2304",0.0721953038029554
"288",0.00604478207589067
"305",0.00223448590299543
"1614",0.00466933297562646
"756",0.596562660827694
"2983",0.0169643050270067
"1381",0.0394072538651296
"1922",0.096114684523769
"3008",0.276428052716095
"2716",0.11040938689038
"2428",0.0136174100138895
"1751",0.0452738044859919
"1278",0.000404847112000529
"3250",0.0783628749194296
"390",0.346843813743606
"2424",0.0190831422153928
"2017",0.000747765282253439
"319",0.00121461452024748
"3354",0.354106674922458
"826",0.0300552982486163
"2530",0.345826131808319
"2669",0.0215306064591117
"3367",0.201622167218569
"3046",0.0361929616480709
"1619",0.00312451482608268
"2578",0.033499202567424
"3408",0.0137162492202558
"272",0.0146344717376679
"2023",0.000492449516452078
"1098",0.000261037293304415
"934",4.10316437685908e-05
"494",0.00246309241743282
"2204",0.0858033958367015
"2422",0.0208490170120462
"1264",0.00112382813846845
"312",0.00168869926792605
"1047",0.00544193652848691
"1177",0.0824707701986339
"2952",0.0979155559745401
"3285",0.427732751018567
"1407",0.0115513302199712
"1587",0.0150667354707108
"751",1.86039229722633e-05
"1985",0.00466933297562646
"2880",0.0793934817602097
"226",0.116739714166073
"817",0.0426227964876768
"2892",0.0432830751619173
"117",0.00241477781869077
"1030",0.01329755000369
"2387",0.113630603371991
"2136",0.0236209836309459
"1969",0.00975421953977688
"144",0.000510584185013335
"612",0.0844235267855564
"3162",0.178154227523419
"655",0.0119465711367357
"2103",0.110178073425191
"2123",0.0409659966042721
"1950",0.0249942548506485
"123",0.00170793865282829
"1105",0.000156966384724224
"2857",0.226041069045988
"649",0.0157811102697714
"1869",4.7183669233471e-05
"2151",0.0106065133397566
"3400",0.0321851253957253
"2574",0.0419143158410056
"2049",7.64947033532406e-05
"468",0.0107012775928452
"818",0.0412084448158173
"1977",0.00665743805898227
"844",0.0119801047164767
"343",0.000271610835306248
"1414",0.00785344090483676
"971",0.184293171623836
"2463",0.158609115268751
"3066",0.585305774410822
"3246",0.0905539044677323
"1586",0.0156420732454495
"3024",0.118406151742258
"2534",0.284922323039205
"1433",0.00275562337711262
"2926",0.35589543230177
"3300",0.197730342696451
"1535",0.17680976678774
"2946",0.125829801605399
"2977",0.0245315619383655
"2745",0.0284639329841807
"2369",0.278940551528167
"2344",0.0107564074274049
"2923",0.385161109988574
"600",0.139331853066758
"1758",0.0304922367808785
"2656",0.0423051549292691
"3526",0.0252895150790821
"3178",0.0828646659436583
"442",0.0342967373423488
"1888",0.41195772757765
"2944",0.138116837454364
"122",0.0018690477810671
"1968",0.0101003754785108
"2894",0.0357013933419023
"677",0.00342847084587241
"834",0.0187413832863341
"2866",0.143057577494745
"15",0.338908080343361
"579",0.328447796539143
"2092",0.178813363807886
"2997",0.43219355243959
"2861",0.190009615525949
"523",0.000503989733275669
"2555",0.0995349726617108
"403",0.189392361537132
"2200",0.103260909930111
"2233",0.0260824443006782
"3013",0.213676519439406
"329",0.000685511189102981
"3333",0.0311914888436253
"3269",0.0171545891432087
"2365",0.35033244334223
"196",0.408810634864429
"3201",0.0160697711203867
"1805",0.00351514357094314
"389",0.358772085535182
"2309",0.0649110401882111
"977",0.15588486175542
"968",0.204376101683489
"1402",0.0144549297499386
"3040",0.0527874884893972
"1119",4.99970023717445e-05
"3488",0.243488829270266
"1437",0.00243823227845596
"928",7.49023813045648e-05
"619",0.0620723187547779
"1806",0.00317273538353665
"353",0.000143483719332909
"2116",0.0623065152815309
"1228",0.00735240673932292
"230",0.100387006030743
"2672",0.0190390671046887
"2601",0.51905561936476
"670",0.00491853102402991
"75",0.0219024163822758
"689",0.00185323733877637
"1199",0.0313925654333303
"998",0.0536938340245049
"3094",0.145656014181307
"1110",0.000115850182969754
"717",0.000413649017726984
"748",2.26314049495954e-05
"3473",0.577999110222474
"2376",0.213478555975301
"1717",0.211856147899686
"2250",0.0104880874658847
"942",8.76412928446429e-06
"2269",0.357738573816289
"767",0.316925401112889
"361",6.99236890017324e-05
"2130",0.0298283965073539
"1322",0.4671627589061
"1002",0.0451005508858274
"2340",0.0144145699380418
"1690",1.55774599856515e-05
"3452",0.0651259887399144
"2447",0.35356772432386
"2611",0.348021460572403
"1333",0.304023071607453
"2476",0.0853593700098998
"2543",0.190083460022943
"2869",0.126142190249209
"648",0.0164290535372454
"3126",0.0210477434076519
"765",0.369168447696071
"2242",0.0153821308909362
"1400",0.0160663062848068
"2806",0.0635184478702602
"2787",0.153964948930786
"672",0.00491853102402991
"2573",0.0433517989229285
"666",0.00724457269808648
"3035",0.0685609874765233
"1577",0.022975459650483
"687",0.0020453231283122
"3283",0.468281905219677
"2953",0.094848198573858
"1656",0.000330392581270314
"1196",0.0350564285892376
"3021",0.143899703749088
"242",0.0545653261051282
"2607",0.38936603414496
"734",0.000103229445655675
"3067",0.501453718531625
"3450",0.0735844902583905
"1984",0.00484959085353256
"287",0.00653815080438272
"855",0.00709482759716854
"2613",0.328447796539143
"136",0.000850503554538938
"1222",0.0103880041692059
"3095",0.136241644038157
"1493",5.32795047707683e-05
"2751",0.0192744342499943
"2120",0.0512953959004141
"912",0.000249162431529946
"3275",0.011284334721759
"2554",0.102736695320599
"1600",0.00814608444961122
"1980",0.00589329402981348
"1335",0.28757962929996
"1364",0.09110167679765
"1068",0.0016138812429989
"1558",0.0591649696496247
"2052",6.01628368252372e-05
"606",0.11413264811678
"1014",0.026166828212571
"200",0.34775407678254
"2798",0.0926787223512561
"45",0.0815278421923107
"2276",0.282713214520202
"1427",0.00360399948340007
"2054",4.38804346372396e-05
"879",0.00171278259256438
"1056",0.00324914484763063
"2179",0.315292900482617
"2437",0.510966771362112
"1318",7.33486033511076e-06
"1496",4.23119363017665e-05
"3460",0.0435186408573632
"2996",0.464045963829013
"2219",0.0482334480805036
"340",0.000351249026182949
"1886",0.441674704604556
"2658",0.0356608394401003
"2840",0.526960280059866
"260",0.0245545321325074
"3387",0.067229663156615
"1498",3.09995685319785e-05
"1336",0.277564367611033
"1726",0.139871799670569
"1995",0.00282668644362747
"2896",0.0312773321667127
"1061",0.00246599001429495
"3215",0.412528883549192
"3322",0.0610336670278482
"3421",0.341985450040607
"3517",0.0520245569909992
"3503",0.118406151742258
"3137",0.00842763570683194
"1062",0.00215731901916824
"2051",6.48443637566613e-05
"1525",0.250125279862636
"3006",0.293671209585125
"3468",0.0174439535811479
"1054",0.0035052202515642
"341",0.00031588692167351
"2080",0.298995182179922
"1638",0.00106241290706458
"3339",0.0191142096133772
"3415",0.454886669556666
"1409",0.0104050660195987
"1497",3.6943132134206e-05
"2917",0.548114386956614
"2804",0.0694723998866273
"3454",0.0551037298494806
"2677",0.0127029124320885
"3001",0.367848066557905
"229",0.103876768928603
"1301",7.99140157444725e-05
"3079",0.295685104038287
"1991",0.00339788911017849
"3030",0.0907878115565171
"548",8.41408533849388e-05
"2852",0.288985606265484
"2510",0.0149930848822181
"2951",0.101846928304847
"483",0.00447042231467335
"2102",0.114539279390511
"3355",0.344809859525035
"1672",0.000100579084277656
"1489",7.9236814489635e-05
"2827",0.0234145178374925
"1137",0.458113604892126
"1695",0.510672254492325
"1090",0.000519096138649017
"378",0.608789924637439
"2335",0.018942299004938
"2936",0.20456781964915
"2515",0.00966775992208816
"1017",0.024430429239354
"2339",0.014923619065129
"1559",0.0550673519429069
"1804",0.00351514357094314
"1566",0.0394965824872372
"2494",0.0361929616480709
"2358",0.438469868213807
"2793",0.114490634016135
"54",0.0529776364218022
"99",0.00627780375212975
"2753",0.0180371376170709
"1269",0.000736373207252213
"863",0.00441501853702179
"3150",0.294160405630544
"2056",3.86400713226312e-05
"1439",0.00215122059010998
"255",0.0320020650896469
"2485",0.0548090477076242
"1339",0.246727105628472
"179",3.71711604763087e-05
"2822",0.0301100796215613
"285",0.00682843362476618
"1884",0.468281905219677
"985",0.103722500425777
"3240",0.121525532251775
"3101",0.107381354016886
"2108",0.0944032027227833
"2047",9.3783255891986e-05
"268",0.0176766089586378
"1004",0.0421621297312732
"3241",0.117226710311632
"3337",0.0219426737862868
"2310",0.0584715269297475
"2833",0.013831863582515
"2898",0.0279518816485183
"194",0.463752845027195
"2216",0.0549199165752264
"1512",0.423571412599395
"1100",0.000217552847890488
"238",0.0636457479889382
"1894",0.314934999978547
"166",0.000104111679739169
"739",7.2636024881427e-05
"2699",0.242749911674854
"3133",0.0141217797771759
"1509",0.487685950085553
"613",0.0815278421923107
"3360",0.251100783239908
"3470",0.0159617801801643
"1081",0.000879508713518403
"797",0.101372774210991
"1351",0.155139714504478
"241",0.0565623379802402
"1582",0.0183709931119962
"920",0.000126648017823793
"2503",0.0226485677396803
"1576",0.0254005613228654
"2832",0.0172986769782591
"3228",0.214631397165354
"918",0.000155453034349164
"1598",0.00890908132923569
"991",0.0750981497987164
"3083",0.252482129335336
"1289",0.000197880406695484
"3014",0.206885650496097
"490",0.00309811723975827
"2073",0.401688971108929
"3434",0.163300759206793
"2819",0.0345637309387461
"413",0.11947180774321
"3125",0.0210477434076519
"2763",0.491939613104804
"1770",0.0188371447012652
"172",6.8743614309727e-05
"1484",0.000131778723178364
"1765",0.0230127150882756
"3328",0.0430973072042711
"2707",0.166886136112302
"558",2.80168133240757e-05
"3351",0.407039725773432
"2728",0.0643674598326567
"1413",0.00841196057985267
"3115",0.0476933702068389
"3359",0.258869273434895
"805",0.0722274443126062
"169",8.94108413654174e-05
"2755",0.014975688632821
"1925",0.0866424080762593
"904",0.000428471944929654
"1469",0.00031357994118159
"1872",3.03039546472022e-05
"732",0.000134263174593533
"568",0.580477569903822
"2413",0.033353962358496
"1460",0.000519096138649017
"1027",0.0146174854068543
"532",0.000289438957271759
"2640",0.087468038676076
"2427",0.0142573178968414
"1474",0.000246351640967241
"476",0.00627045533817283
"3020",0.150094015327919
"2041",0.000145292109763742
"3224",0.245585211574808
"2117",0.0601196208706915
"2987",0.0100225662620814
"1156",0.206227532093985
"774",0.244011785114509
"2575",0.0419143158410056
"1998",0.00253677121777163
"212",0.198896064827428
"850",0.00920400334606293
"2374",0.230036282716821
"159",0.000195511351652963
"1700",0.382364020995394
"2293",0.108748571896596
"2779",0.224555587584283
"425",0.0772946628509418
"1962",0.0135922143945142
"838",0.0154145468340781
"550",6.893890132835e-05
"2862",0.176498788060989
"959",0.277468180997508
"3092",0.162592296241144
"2928",0.315547400087953
"1986",0.00450845978094055
"3292",0.307887836594023
"2909",0.0130636755837253
"3113",0.0547480213390673
"1450",0.00110175475974764
"859",0.0055192505862467
"2492",0.0417341662391864
"1705",0.330955652039775
"1077",0.0011673736407885
"1791",0.00709144893287499
"1897",0.266886335901078
"2674",0.0169446609460644
"2046",0.000103229445655675
"158",0.000207166912138492
"749",2.26314049495954e-05
"2525",0.424957351624144
"3213",0.467575580808896
"355",9.99402129669634e-05
"219",0.156788681995715
"872",0.00250821875616641
"1158",0.194045404101509
"3211",0.507836263794413
"1579",0.022975459650483
"1727",0.135687795819102
"2853",0.280083196709186
"665",0.00769487021894119
"1567",0.0394965824872372
"3514",0.0595207079961541
"2690",0.38880572313571
"3302",0.178569982690546
"350",0.000174130284795174
"2758",0.0124417575811397
"2096",0.147847447690194
"976",0.15588486175542
"3203",0.014743765977004
"1194",0.0381385706774361
"2181",0.305326713778155
"2603",0.45265822582456
"114",0.00259790457728167
"1386",0.0305412998991458
"2141",0.0179161664570202
"504",0.00130838425552026
"206",0.282138270206352
"740",6.56931972494357e-05
"754",6.92059400970395e-06
"1823",0.00113986477171206
"572",0.428715960772175
"3022",0.132149545922381
"1250",0.00232754510763595
"1113",9.38938454368191e-05
"465",0.0121151713827136
"170",8.24865363178726e-05
"2053",4.95495340306211e-05
"2904",0.0185378168127958
"1974",0.00819205650455487
"596",0.162046289975136
"1021",0.0199473498735825
"2363",0.358390663605978
"1426",0.00380730347303829
"2696",0.291322860129119
"2608",0.379019737939116
"3500",0.136575842944875
"313",0.00162114070045382
"1448",0.00120234015525047
"1987",0.00426787555502886
"1206",0.0225184867467046
"2606",0.409380465167948
"1455",0.000754151785014827
"112",0.00285077791056387
"420",0.0946460180506579
"109",0.00323082098871612
"74",0.0227327565665872
"1538",0.157383907692883
"952",0.375410512950192
"2881",0.0722742912512273
"1332",0.311526878232305
"2473",0.0997895329849209
"2205",0.083080525626481
"955",0.342624143300168
"3266",0.0217607607432643
"3430",0.194339199520079
"426",0.0736499234188102
"2305",0.0698712655237513
"152",0.000307926013644963
"3108",0.0665215247130359
"629",0.0375789587261629
"963",0.240151942161112
"1660",0.000249870124666281
"2517",0.00772727280199532
"989",0.0850837188519979
"265",0.0202170476318322
"1314",1.90667365871857e-05
"2868",0.130397506353564
"593",0.185754248963603
"2912",0.00959781020974723
"488",0.00337080096056807
"1354",0.135023749709659
"1342",0.218280696089592
"1732",0.109508048688125
"424",0.0802622756992769
"514",0.000887019409832002
"2599",0.00854293905467106
"1599",0.00890908132923569
"3123",0.0237957708584283
"29",0.16790807382219
"1808",0.00269078862366452
"1408",0.0115513302199712
"283",0.00738528792323594
"354",0.000107538188993427
"1183",0.0639847246190418
"1344",0.201432510784732
"1031",0.01329755000369
"1802",0.00398340079410995
"1481",0.000161750486305249
"1635",0.00120775068425168
"2412",0.0348885238601962
"2498",0.0296169397354902
"1625",0.00218807089968647
"862",0.00457257282789895
"3064",0.00926871671182891
"775",0.234503640728572
"1148",0.286998748147551
"1225",0.0085410830069523
"3231",0.186362371872476
"2497",0.0306461654198934
"1570",0.0332780450453341
"789",0.142075837923289
"3373",0.133456430790262
"3026",0.109853327938832
"3521",0.0423529329678362
"3462",0.032899636775176
"1516",0.353188787778723
"1786",0.00871090170180166
"1256",0.00179639933628734
"3385",0.0717841951086519
"1260",0.00148732074195359
"1933",0.0555118973613462
"3235",0.156350693160175
"1461",0.000499720657906718
"2622",0.23488766929865
"867",0.00305820575153664
"1760",0.0283206449644107
"1952",0.0217106381863068
"370",2.139334960127e-05
"1084",0.000751131763322376
"1306",5.10598972078133e-05
"2945",0.130076148144544
"1702",0.359314559686186
"2450",0.321087680319657
"3169",0.123533913578931
"58",0.0462130167005191
"2208",0.0732311853310322
"3154",0.24716546666525
"1645",0.000658519752787736
"803",0.0783124146051498
"2315",0.0476616376443359
"1003",0.0451005508858274
"2083",0.263891135774631
"1713",0.247254743361166
"2483",0.0601591238579458
"1540",0.138512133611754
"520",0.000592809569094559
"3436",0.154796903747
"2067",0.52837442088266
"2795",0.106456133820092
"1871",3.66300581230531e-05
"1658",0.00031715754102841
"2321",0.0355798646848006
"582",0.29426002211807
"3419",0.370490790603424
"671",0.00491853102402991
"3466",0.0207095849172906
"2802",0.0765385851326445
"438",0.0435585957677978
"2659",0.0343748959662372
"2320",0.0369091623022294
"1674",8.08259617003618e-05
"2373",0.237359633970265
"1580",0.0200165914259244
"1544",0.110456514506367
"3411",0.648498742002175
"2410",0.0379564845296252
"678",0.00330086037448187
"1245",0.00287032385771108
"380",0.529081321978536
"3406",0.0156966096074615
"1953",0.0205139844063268
"95",0.00746894309340376
"180",2.31509029247403e-05
"3158",0.214351989957234
"1308",4.63873511383976e-05
"1636",0.00113986477171206
"1664",0.000199902566492482
"2082",0.271350369821814
"1316",1.31829705002811e-05
"1693",0.595196336607148
"164",0.000146361192506115
"1249",0.00242447051370748
"2761",0.570775675252651
"2617",0.27699585071552
"2245",0.0132912570497501
"2039",0.000168501455792973
"723",0.000246061528589043
"493",0.00271821680245663
"3205",0.0123376171284832
"195",0.420111866875992
"1754",0.0403666385843222
"757",0.581168280250838
"1534",0.182841005972495
"2752",0.0192744342499943
"1144",0.333473147543087
"945",0.574247289742613
"257",0.0281326804865303
"847",0.0111430136511455
"611",0.0892397775385457
"705",0.000754151785014827
"2189",0.196011956984762
"809",0.0625696691008472
"1761",0.0269922584476668
"3220",0.291809760439015
"430",0.0634068579713753
"3522",0.0372802198458497
"2855",0.249593547589058
"3073",0.376741861640094
"3082",0.260825085978071
"3214",0.433586482528287
"2460",0.185503554762534
"2432",0.0107764037960953
"2128",0.033186898711328
"2449",0.336370261067074
"1500",2.49404779887691e-05
"925",9.89291449960383e-05
"864",0.00425084458720873
"2266",0.408810634864429
"787",0.154922476463775
"2191",0.162592296241144
"870",0.00271372500387992
"761",0.421782180847915
"2223",0.040808523470687
"2920",0.432600561180783
"3047",0.0347931252880183
"696",0.00126884321983113
"489",0.00320882807638243
"816",0.0440834594533493
"2692",0.362969856065185
"1320",0.502457600226411
"2043",0.000125279212362057
"653",0.0129879134136825
"2542",0.200976549503744
"1371",0.0627362773957775
"1040",0.00781307213846094
"3252",0.0732311853310322
"3520",0.0462958428400471
"3118",0.0374418947581758
"2572",0.0450798950473779
"2546",0.15544893228042
"2614",0.313101661697884
"3396",0.0403294880968327
"2243",0.0148162102573443
"2001",0.00217571800541547
"1373",0.0558101352612272
"2968",0.0406142283325535
"2100",0.128084048470602
"1482",0.000138059953477787
"2846",0.403736140826273
"900",0.000599283567423769
"1476",0.00021002510429559
"3039",0.0545766330525362
"1553",0.0719267886373934
"1607",0.00599386084091204
"623",0.0505528785148907
"2995",0.513213113902199
"2446",0.37087764637854
"2553",0.106029280262605
"1502",1.4718223983467e-05
"778",0.212724739227965
"2016",0.0008091490472756
"2814",0.0443527927593979
"1691",1.36008479077668e-05
"1956",0.0190390671046887
"60",0.0426227964876768
"2370",0.266886335901078
"1833",0.000610283937885392
"371",1.70176214467004e-05
"518",0.000716977976366715
"3395",0.0420565372992546
"3193",0.0355634068796282
"2110",0.0799310555396352
"3053",0.0214013478047341
"2673",0.0180874542280177
"410",0.139672406465879
"1419",0.00580119850499045
"2439",0.465044813164037
"41",0.106547435477054
"80",0.0174806374206376
"218",0.163820142861782
"3296",0.22624733096625
"1499",2.65779634587686e-05
"2218",0.0500109806951398
"1737",0.0890094683763047
"993",0.0715489529752146
"2077",0.333473147543087
"941",1.29299597040783e-05
"1835",0.000495250199768834
"630",0.0359304648804623
"3268",0.0192967262383909
"1675",7.56316225724879e-05
"1218",0.0129153785104171
"3011",0.233783564146324
"2093",0.168304814490872
"3364",0.221605474533289
"2586",0.0230657728267969
"23",0.205492629981567
"2388",0.108473911215705
"2836",0.0100507541683835
"1738",0.0833335354484534
"2177",0.334473064009102
"1011",0.0309287555769665
"3227",0.223569126566478
"664",0.00796853244103288
"2528",0.361931077276755
"414",0.11947180774321
"502",0.00145228336137975
"812",0.0523526770178421
"2140",0.0179161664570202
"1126",2.44906672172507e-05
"375",8.77254210133405e-06
"1911",0.147996001915297
"2164",0.564101677474011
"1182",0.0666544150543266
"209",0.245674103746819
"1312",3.09995685319785e-05
"768",0.306327582100216
"44",0.0842044981638371
"853",0.00769487021894119
"2786",0.164532904740061
"2487",0.0509967580599585
"87",0.0126793871119653
"2185",0.257197886938941
"2183",0.288842024876831
"1780",0.0111065266180884
"1678",6.55843523070783e-05
"1109",0.000126289275662538
"3492",0.199271925421042
"1143",0.349042155846609
"2775",0.264120149366211
"2319",0.0382861521586788
"2799",0.0852299863418296
"970",0.191397186736152
"409",0.143958813189717
"3370",0.173292927609863
"1324",0.444765934533803
"451",0.0241223540401075
"1820",0.0014481750737214
"1928",0.0805947481490423
"3487",0.275198917386293
"2788",0.13859555056157
"2590",0.0181083987539248
"1391",0.0249655485102148
"1226",0.00822474747318868
"3124",0.0228007505364701
"2488",0.0493188478389017
"2723",0.0839122014089965
"1046",0.00573213026230545
"3226",0.23024510572316
"1944",0.0314643213936198
"1138",0.439576983713827
"1837",0.000415802291211516
"225",0.120721663062566
"1618",0.00323616591498203
"171",7.28423686634956e-05
"2837",0.00870262062425771
"2174",0.368894009501261
"905",0.000406670384614977
"120",0.00207448186285314
"1709",0.28352823171875
"2255",0.00792003444666392
"2462",0.173461844582515
"1524",0.256789624573744
"2501",0.0244637654062899
"3366",0.207351538946166
"1390",0.0260525215508125
"186",8.77254210133405e-06
"1039",0.00825184631784328
"2670",0.02068569519129
"2021",0.00058750683504266
"278",0.0118271285365341
"1862",8.08259617003618e-05
"1663",0.000212421509181237
"1877",1.60901900906137e-05
"1701",0.372090408401315
"954",0.354486056547022
"893",0.000905860587325376
"1359",0.112305350823563
"2162",0.0033462580596269
"2076",0.341985450040607
"2441",0.442665172248046
"1670",0.000117172169665196
"802",0.083550505252777
"800",0.090263134037501
"3028",0.0995349726617108
"467",0.0111430136511455
"2433",0.0103781454346568
"836",0.0164749594810046
"3464",0.0277662947190793
"3530",0.0154789493815253
"578",0.34775407678254
"1687",2.10819207500683e-05
"335",0.00044963340048115
"2357",0.452777086167891
"2762",0.503581388998897
"2055",4.03673503929518e-05
"3196",0.0243961515538189
"2847",0.387851902339158
"1970",0.00941981402538993
"160",0.00018139785538181
"3204",0.0134125828531992
"1787",0.00838832981755965
"2712",0.131042247482291
"106",0.00366134236303875
"1005",0.0421621297312732
"1940",0.0381818307191353
"2454",0.25301794051325
"2009",0.00106190389759884
"2570",0.048211429833506
"1442",0.00197700011967737
"3078",0.323824434525407
"1545",0.107042910086711
"1821",0.00129211804923668
"2317",0.0425551769753991
"1573",0.0263599452300189
"738",7.52398241010786e-05
"1357",0.125441383291311
"831",0.0210774180716074
"3315",0.0841305395692097
"405",0.170633070023624
"1131",7.10112564542403e-06
"3482",0.371152692425776
"3151",0.286900590526622
"2282",0.217314075326363
"1930",0.0671858492565276
"1601",0.00782221413131304
"1229",0.00674079128505731
"52",0.0570816279215441
"843",0.0119801047164767
"2313",0.0524936033011998
"84",0.0144313239231702
"1622",0.0025802089141972
"2325",0.0329677326515007
"3091",0.171437532678507
"2548",0.143260998574505
"2027",0.000386432718631308
"624",0.0484945902441884
"2057",3.40656356260384e-05
"1055",0.00336523441869998
"3516",0.0546622639084485
"1976",0.00732315746813026
"3483",0.353188787778723
"2924",0.373529274950731
"1307",4.92928433133027e-05
"296",0.0033462580596269
"81",0.0166055995839276
"2848",0.379523095031721
"2031",0.000287663824710052
"2240",0.018422223577885
"2969",0.0392637934997541
"48",0.0712826570797234
"1918",0.111576449069577
"17",0.304124588969159
"2720",0.0880165404587171
"2545",0.175745093700633
"1505",7.33486033511076e-06
"2976",0.0253886880976312
"234",0.0793424149376643
"930",5.88410726268529e-05
"3374",0.119421350033808
"1265",0.00107884353942964
"806",0.0688038265792844
"2937",0.193970389068915
"1303",7.42676461055733e-05
"2583",0.0272479108369175
"239",0.0612515980458876
"1537",0.162111441958556
"464",0.0126499116076846
"2440",0.455590227832823
"1931",0.0629728108208044
"2173",0.377131334243904
"875",0.00210653153203853
"3346",0.503876027453413
"1899",0.24747417315013
"2950",0.105649256004293
"1629",0.00182718270382659
"3504",0.113345180504305
"28",0.173292927609863
"1237",0.00416561845586586
"1122",4.06165135726311e-05
"2197",0.120444063326794
"910",0.000273477945707594
"1259",0.00148732074195359
"487",0.00363642948824445
"594",0.177981725068002
"675",0.00386333008764367
"3401",0.0306811980160129
"3076",0.345826131808319
"851",0.00888829167131763
"1844",0.000308800560742037
"1073",0.00129731035184191
"2687",0.465164161837088
"1710",0.276428052716095
"1403",0.0139226392168943
"2559",0.0851381392060012
"3163",0.17103492596326
"1781",0.0107262619200517
"1384",0.0342577223318983
"3519",0.048396028194323
"3510",0.0830439878863668
"182",1.72607298533449e-05
"1247",0.00264549426060391
"1697",0.479598470139433
"3528",0.01812936708494
"1971",0.00909676767331842
"706",0.000696937318976116
"214",0.190264976810409
"2066",0.556822754622956
"1153",0.228532298418286
"1845",0.000298116413656828
"2143",0.0158803995208043
"1404",0.0139226392168943
"2736",0.0424202453557291
"580",0.314577319088277
"2741",0.0340935078900062
"501",0.0015300543306798
"3306",0.144951365724907
"3523",0.0372802198458497
"1529",0.220710787493109
"1016",0.024430429239354
"2343",0.0118271285365341
"276",0.0123493140379402
"2594",0.0148506575229141
"1569",0.0345244230621543
"2540",0.212527419223384
"8",0.417063278057153
"342",0.000271610835306248
"3356",0.319747718561758
"59",0.0440834594533493
"2299",0.0880550559288602
"3472",0.00978843192783201
"449",0.0266346355588341
"440",0.0399477339092102
"743",4.66736703984544e-05
"2311",0.0565623379802402
"2882",0.0693962455256987
"2042",0.000139867068433252
"1298",0.000112796976310671
"549",7.40927986594929e-05
"1389",0.0272606292226553
"2948",0.112776210328121
"1565",0.0425551769753991
"2382",0.148712876979273
"2988",0.00957088032890291
"949",0.445466631367385
"1458",0.000572979200094046
"657",0.0110496223607801
"543",0.000108765336389715
"1548",0.0941609455509728
"3489",0.233994755076306
"2535",0.259187565138888
"2272",0.327562689511097
"2566",0.059296320545051
"528",0.000380095305240301
"994",0.0661268864585888
"1172",0.112187904566033
"962",0.246637957025114
"668",0.00530547572898523
"742",5.98511673215797e-05
"731",0.000134263174593533
"1759",0.0293869953455062
"710",0.000583497012947789
"3349",0.446458802778743
"1052",0.00393400902220884
"3200",0.0166827620196499
"1723",0.164209130568698
"2377",0.19467418098454
"1868",5.45929377909446e-05
"33",0.144513679735447
"995",0.0633084457180971
"530",0.000334322223413941
"190",0.58392791580575
"3042",0.0454268846988205
"79",0.0181970699954853
"498",0.00188187534061226
"3223",0.259187565138888
"108",0.0033462580596269
"3416",0.430801693739076
"1853",0.000172858400173752
"2415",0.0292119791063866
"2461",0.179403770230029
"261",0.0237248816849864
"3221",0.283430789223289
"1905",0.188957205409849
"1125",2.79240464364632e-05
"983",0.114707576921476
"1850",0.000205071283276324
"895",0.000834776612945917
"2859",0.212053012493359
"67",0.0307943047973548
"1169",0.13212441373707
"1465",0.000373503384686518
"167",9.67557760048779e-05
"2994",0.524130722865419
"3270",0.0159617801801643
"291",0.00469577703469389
"12",0.356816473187635
"1305",5.88128531484176e-05
"2401",0.0610611655310588
"1069",0.00155370597235142
"753",8.76833468394386e-06
"521",0.000565850579018309
"2188",0.203915178738675
"2682",0.594512619469697
"2702",0.211776056729526
"1698",0.451079783355502
"348",0.000195511351652963
"728",0.000193305679566318
"1983",0.00530547572898523
"3129",0.0175617933438789
"304",0.002340757995924
"573",0.428715960772175
"308",0.00200518677821776
"2800",0.0825236700308947
"2078",0.321963668387729
"2631",0.129116112990432
"1602",0.00755353863762192
"491",0.00291602746016697
"887",0.00117733970597783
"2367",0.315547400087953
"94",0.00810036827289203
"823",0.0323554720508935
"1200",0.0300896763721504
"406",0.170633070023624
"1945",0.0303249472467343
"1682",4.7183669233471e-05
"873",0.00228566189036569
"228",0.112588487716044
"3050",0.0243961515538189
"2925",0.364666946037153
"1528",0.227326403892327
"2399",0.0676909315542134
"3160",0.194154727821
"2556",0.0954381402154212
"3063",0.0105717642590808
"1562",0.047844236706858
"429",0.0669346215576553
"2823",0.0289384471374963
"2760",0.591774108071617
"3222",0.267117005588844
"2792",0.11929746213125
"3061",0.014562902937534
"100",0.00567446321789203
"3062",0.0128310847618846
"2691",0.375134193875258
"563",9.06129123326341e-06
"2767",0.399247404299655
"3437",0.14509750550175
"3194",0.0332626152465226
"2058",2.86324442367654e-05
"3479",0.433297048969631
"1669",0.000141463077234326
"337",0.000410825313486403
"536",0.00020541157562301
"2138",0.0195218334959505
"469",0.0103057667096291
"2404",0.0529535729773273
"462",0.0135606460055191
"1742",0.068697652224948
"1155",0.213002600390376
"1801",0.00416073208515484
"1374",0.0534062655276691
"2990",0.00911370716400835
"3106",0.0792723571566721
"2167",0.480600776917411
"3432",0.176017232687198
"1830",0.00083005747252661
"2194",0.137246311078511
"1615",0.00384155582270698
"235",0.0766064279299429
"1152",0.234801465125028
"3245",0.0951935063655739
"1729",0.125441383291311
"3490",0.224760887648662
"1147",0.296030581555842
"2975",0.0282618672665283
"450",0.0255946695358352
"1818",0.00167441185059325
"2873",0.100556689963935
"2657",0.0387939846148328
"1060",0.00269078862366452
"3280",0.532201175718808
"595",0.168469860139505
"1822",0.00122295610782736
"953",0.366529664032961
"2984",0.0163868054291922
"151",0.000348273299343335
"198",0.378465087745945
"1789",0.00805490657377633
"1337",0.264442593631891
"3276",0.0104659214702647
"2489",0.0467994681198124
"1563",0.0461399759367686
"2356",0.477060935828542
"2502",0.0235717231652049
"2238",0.0201842246146501
"2705",0.185503554762534
"2883",0.0655738383251401
"1734",0.101523943785469
"1714",0.238689480583796
"2478",0.0761385109196944
"527",0.000394834429498353
"36",0.132259621748041
"2655",0.0445939089667056
"1434",0.00264549426060391
"1730",0.121627998889406
"1255",0.00186068026627054
"833",0.0194002256746868
"252",0.0362264455142543
"2263",0.435270157150869
"2411",0.0361929616480709
"2805",0.0656460939323443
"1292",0.000162592700951394
"2274",0.301976736335098
"1571",0.031205988904977
"2225",0.0359138509409766
"422",0.086511263586027
"321",0.00105815975239926
"2291",0.118406151742258
"2215",0.0567770040057104
"154",0.000262957823761314
"1103",0.000184946801670824
"1648",0.000521798036578714
"2156",0.00838832981755965
"3010",0.240670011165127
"796",0.106772041220934
"3445",0.102845393539315
"3463",0.0303943394609083
"1939",0.0397123958186084
"338",0.000396612626809483
"211",0.213200242129599
"1666",0.000161750486305249
"701",0.000951696946165521
"2094",0.162657625137822
"1623",0.00249113246350996
"1716",0.221199125970181
"1145",0.323824434525407
"3433",0.170565190402904
"1287",0.000246351640967241
"2618",0.269438812329887
"352",0.000151178001665036
"3425",0.291322860129119
"544",0.000104111679739169
"131",0.00117595451882209
"1001",0.0467683011022382
"1271",0.000636797903782619
"191",0.521299615613351
"1341",0.226828478121233
"3501",0.132475246481939
"176",4.54971027368119e-05
"3338",0.0211993550823128
"1160",0.181572820252632
"282",0.00766958632391345
"693",0.0014301734368927
"3316",0.0814560254533408
"2285",0.162978936706992
"2035",0.000255905855521496
"2781",0.196197763662778
"2730",0.0589806169116057
"2121",0.0490758788853715
"2876",0.0888362504530832
"496",0.00214261796386581
"1370",0.0669346215576553
"1997",0.00271372500387992
"1239",0.00386148432652463
"1208",0.020049147420732
"391",0.335737271793658
"1319",0.536024146143515
"3297",0.214830137683626
"866",0.00381990380994428
"110",0.00311054424362069
"3004",0.31825906895061
"1594",0.0112950444670108
"1082",0.000844295467615733
"820",0.0379915356048528
"1178",0.0824707701986339
"127",0.00147126749285749
"3144",0.40157368033926
"2086",0.212724739227965
"683",0.00241477781869077
"1338",0.25764848834484
"3153",0.258643212536668
"1094",0.000408983420218053
"2235",0.0229490173576438
"1676",7.56316225724879e-05
"163",0.000155969401092677
"1692",7.57628838131318e-06
"2660",0.0330429662448743
"1725",0.14627620341805
"2579",0.0322885985922229
"3025",0.113630603371991
"2544",0.183441740177463
"1900",0.22924103973676
"2759",0.00794408352264538
"2701",0.224555587584283
"460",0.0165209915402774
"547",9.10529077169225e-05
"3353",0.378742373208177
"3319",0.0693652706783397
"3081",0.275529822733011
"2048",8.03686953520809e-05
"3031",0.08792197904406
"1609",0.00558843351738882
"1650",0.000449947612278415
"988",0.0919071759253936
"524",0.000468394091535011
"1240",0.00372833979910262
"2375",0.21993857418169
"1763",0.0251328994747747
"937",2.70342287808064e-05
"539",0.000181698871520936
"1424",0.0042779047353724
"2084",0.245366910571502
"1910",0.153964948930786
"798",0.0964641117450296
"68",0.0289519311218814
"1282",0.000323516803404466
"3098",0.120619855123569
"3289",0.342250725790331
"2688",0.425650765211728
"1503",1.37722881144093e-05
"1788",0.00805490657377633
"439",0.0420002600298969
"736",9.56641137846825e-05
"314",0.00162114070045382
"3294",0.270462472029869
"3111",0.0594547654895022
"3212",0.491230571571176
"1352",0.14627620341805
"3498",0.145802743242142
"2246",0.0123636976984285
"2303",0.0747865077033619
"1355",0.129997084973611
"3478",0.447570012033997
"2499",0.0273104602161572
"162",0.000163867644098672
"1825",0.00113986477171206
"3085",0.226041069045988
"1992",0.00313186564716777
"2794",0.109853327938832
"639",0.0239891468706458
"2149",0.0115001156485174
"1981",0.00567446321789203
"374",9.11285012315958e-06
"2406",0.048211429833506
"2627",0.174924685356005
"2403",0.0556356177339476
"2163",0.00285885381137589
"567",0.607437761026732
"1478",0.000185472137742561
"992",0.0715489529752146
"317",0.00138074465467393
"1436",0.00243823227845596
"2961",0.0580429352155021
"1440",0.00206519654591565
"1901",0.216269226376689
"2934",0.224555587584283
"1048",0.00544193652848691
"2726",0.0694723998866273
"1938",0.0413016808386807
"303",0.00251828556766857
"1310",3.6943132134206e-05
"49",0.0682605308411619
"2629",0.14375456751713
"295",0.00368818767637292
"3027",0.104051669336238
"2949",0.109023842984087
"1661",0.000237827641233344
"2821",0.0319358979581826
"2982",0.0177092398124843
"3110",0.0617833047389964
"663",0.00856921510645307
"783",0.181080465145323
"3363",0.236034899408433
"266",0.0193148918358345
"1472",0.000274254682968497
"1435",0.00252542194436516
"181",2.139334960127e-05
"1142",0.357738573816289
"3148",0.332106782772242
"673",0.00431131005481856
"103",0.00466933297562646
"22",0.214631397165354
"729",0.000162670707790801
"1189",0.0483638518645675
"2331",0.0218669181835041
"656",0.0114412181698795
"1589",0.0139388295196654
"173",5.73578020488471e-05
"957",0.303672290206136
"92",0.00878470173606692
"1753",0.0418670109712489
"3167",0.137442794150119
"3371",0.144951365724907
"1841",0.000345157208418591
"1584",0.0169054398262309
"2159",0.00612051191859036
"1241",0.00352923740685596
"1752",0.0434206268494556
"704",0.000792317797445455
"2003",0.00198260563778928
"2045",0.000106929816538135
"40",0.117620153952805
"1421",0.00531793016800213
"2334",0.0196626744635433
"397",0.248532348398734
"1101",0.000208837056894634
"902",0.000487129072772786
"306",0.00215122059010998
"1135",0.484142566661974
"635",0.0289188141398125
"256",0.0309287555769665
"2279",0.255259880591798
"1326",0.412243276025586
"1778",0.0124331732970684
"2306",0.067259753278091
"1044",0.00667940772098217
"396",0.259506111164916
"2391",0.09363737941151
"892",0.000959823512481945
"1972",0.00909676767331842
"2774",0.322945795093975
"3216",0.356976882973253
"1896",0.275529822733011
"566",5.4803699316233e-06
"1224",0.00889445049230881
"1800",0.00464303714040254
"1353",0.139530838953144
"349",0.000195511351652963
"2482",0.0628467663283406
"2551",0.115476658543918
"3174",0.0966697613439758
"601",0.135161462647123
"3394",0.046599343147418
"3142",0.459110623407758
"2722",0.0839122014089965
"2676",0.0148506575229141
"1173",0.108178714822649
"2262",0.455882573444681
"1428",0.00347970205695206
"943",6.44366899124045e-06
"339",0.000374302520691468
"1106",0.000147296767839542
"2106",0.0974577185944329
"2738",0.0386883351078176
"1854",0.000161750486305249
"1441",0.00197700011967737
"969",0.204376101683489
"2623",0.218280696089592
"3256",0.0572981450678455
"2810",0.0533820183661685
"852",0.00805874054414221
"1815",0.00198822701793151
"2448",0.345559540722375
"503",0.00145228336137975
"332",0.000554077416474176
"2561",0.0781582278085214
"1190",0.0467683011022382
"794",0.115405292043971
"1051",0.00454681941827733
"2782",0.187224251058543
"65",0.0341639875543634
"2709",0.147430069049617
"777",0.222095228400889
"315",0.00148978561012808
"556",3.67084571025493e-05
"896",0.000796822546932902
"2652",0.0509397476676815
"3518",0.0500441952279133
"1463",0.000415802291211516
"3104",0.0896236943579337
"647",0.017008016286994
"2563",0.0711412426433568
"3236",0.149943725796886
"1908",0.170065545499342
"842",0.012720974818822
"245",0.0493638531445836
"1541",0.130451914656342
"2232",0.027216688385605
"3009",0.259506111164916
"2145",0.0144885494015748
"3138",0.63742800618221
"2",0.587370056305983
"654",0.0125440509874371
"2727",0.0665215247130359
"1398",0.0187630705655734
"760",0.478182514385455
"2875",0.0917288866948181
"273",0.0146344717376679
"865",0.00404675577343823
"3182",0.0688486177341986
"247",0.0460363422360397
"560",2.12120491902398e-05
"1557",0.0591649696496247
"1254",0.00192725693309021
"2443",0.406070892510561
"832",0.0203062846952757
"3365",0.213676519439406
"2088",0.197543441308681
"2935",0.213676519439406
"333",0.000527381405418412
"2641",0.0820950924082292
"1585",0.0162844023610162
"1783",0.00983677100281322
"697",0.00120092558943401
"2791",0.125518075465035
"810",0.0585628903395112
"1793",0.0061899299656668
"610",0.0940604636829638
"2532",0.305474969710832
"2060",2.51119667091813e-05
"766",0.332736355870597
"2353",0.572453668982935
"1485",0.000108585134357162
"2453",0.270229978587417
"3391",0.0540788248619409
"2193",0.144600104365319
"1929",0.0749345836245255
"3512",0.0697324408464193
"311",0.00174913309706303
"3143",0.416946649690861
"499",0.0018014937094693
"30",0.16227159915282
"908",0.000319490833201152
"827",0.0263845811290993
"141",0.00060640942049835
"1193",0.0411429726935712
"2479",0.0733112165651685
"571",0.485974000406765
"691",0.00168392332362221
"2981",0.0185378168127958
"2772",0.356165657657013
"1076",0.0011673736407885
"1859",9.4382772354139e-05
"2704",0.199990180405908
"2600",0.00794408352264538
"454",0.0207867194871815
"2257",0.00574558047432295
"764",0.377408235887056
"534",0.000230250650979625
"854",0.00736802765645187
"2347",0.00915874500538965
"2927",0.327562689511097
"541",0.000129035751477267
"2284",0.174685471170343
"586",0.258191476519836
"2922",0.398284660304377
"2929",0.294849522406035
"1890",0.370215946291699
"197",0.400326088879678
"3012",0.226041069045988
"275",0.0135764211508085
"1507",0.542779596345628
"588",0.233065025464659
"145",0.000510584185013335
"1982",0.00567446321789203
"659",0.0101051731318334
"3308",0.134774232907275
"3159",0.194154727821
"856",0.00679329759139464
"1655",0.000344179731929721
"2040",0.000161292329212312
"96",0.007151627710534
"960",0.266561991735697
"1640",0.000973522138139305
"2649",0.0582892010310764
"202",0.323203556116695
"632",0.0326602161113464
"886",0.00122295610782736
"3225",0.23757305373881
"1510",0.466869386331558
"2254",0.00827115975732506
"772",0.266007712518784
"2552",0.110804412161457
"328",0.000712085123962356
"915",0.000186527289894651
"911",0.000261778705640101
"1096",0.000315514947940099
"2289",0.136436916272267
"481",0.00482228479554943
"2986",0.0140659822541565
"599",0.14536292353108
"3453",0.0577334952631485
"2345",0.0101858263785612
"89",0.01135858402241
"1552",0.0787229383666433
"98",0.00650139927140765
"2511",0.0126526491430672
"188",5.30573063289842e-06
"2505",0.020733501649203
"3088",0.202537051612408
"3176",0.0895275757849128
"1912",0.138314366983444
"848",0.00995264245891535
"2992",0.604050176409821
"3293",0.277468180997508
"2549",0.132992727817604
"645",0.0191322067448295
"24",0.19980167492322
"884",0.00134217559869245
"1790",0.00742699860765161
"1667",0.000151356261050962
"3257",0.0536694637054647
"2237",0.0209508218711568
"418",0.103832120955213
"1873",2.79240464364632e-05
"2314",0.0494191916770039
"2442",0.427732751018567
"3320",0.0667713128781628
"3305",0.150819253978856
"3344",0.0122744836731769
"1420",0.00553869213552656
"1639",0.00102568138461545
"2360",0.408810634864429
"1803",0.00398340079410995
"2491",0.0432830751619173
"1300",8.54024422104827e-05
"1459",0.000550031843945905
"727",0.000200234283662399
"980",0.130962685497258
"2539",0.218481875684005
"137",0.000818768286583285
"2963",0.0540185650828604
"1829",0.000874536915928102
"3247",0.0876947433737415
"1744",0.0634768879955783
"2891",0.0447653075438441
"2271",0.337267230451892
"1643",0.000772359266923618
"2809",0.0553382577617344
"3474",0.515219282876356
"3441",0.122869177383715
"2867",0.137106810696317
"310",0.0018690477810671
"2327",0.0252314742225444
"1124",3.1442412372256e-05
"1906",0.183193464769747
"300",0.00275562337711262
"2022",0.000538329454393602
"2547",0.150880704813681
"1605",0.00657510871388817
"1494",5.12899327138435e-05
"1447",0.001252467743065
"2910",0.0119157103038988
"105",0.00395630523851082
"1978",0.00642851079240525
"735",9.90933240575325e-05
"2342",0.0126292157179553
"253",0.0345404172729888
"927",8.11900886582971e-05
"709",0.000607839688513387
"2597",0.0118159203087136
"2985",0.0163868054291922
"2297",0.0938784291551283
"363",5.27036207424931e-05
"2778",0.238087302607824
"1007",0.0374764891447762
"2735",0.0444731950639956
"3286",0.40197226732641
"3467",0.0183112768226699
"660",0.00970417583298259
"2354",0.519469591703925
"1028",0.0138062767241826
"2405",0.0499881936339745
"2190",0.174685471170343
"933",4.26233066455265e-05
"2756",0.013831863582515
"3043",0.0411705528297809
"1347",0.181572820252632
"379",0.542779596345628
"3284",0.446868672840418
"19",0.267766802667303
"1012",0.0295630282189181
"3382",0.081881564435178
"3486",0.298647712634194
"1242",0.00322548486168731
"1915",0.123099789366287
"1378",0.0439640637332761
"345",0.000228678597898793
"2456",0.23024510572316
"2512",0.0112396206057221
"3260",0.0466206612142855
"2663",0.0287002383833502
"2734",0.0466206612142855
"147",0.000454227080649684
"3023",0.122437062865747
"2122",0.0431855677477474
"2729",0.062113020014566
"3413",0.493652395727557
"2956",0.084825887000189
"2978",0.0219426737862868
"331",0.000578832313019509
"1274",0.000534025648388105
"1688",2.10819207500683e-05
"3130",0.0168699423370482
"3015",0.19308483194337
"27",0.179648039220213
"2816",0.0386883351078176
"3399",0.0333005360398064
"3393",0.0484503370590944
"3438",0.138736322134734
"2942",0.164143300687119
"1647",0.0005420290509964
"1117",7.16974883096059e-05
"369",2.31509029247403e-05
"2020",0.000613754363456173
"2955",0.0889705761722716
"1451",0.00105765277849222
"2059",2.63838039228207e-05
"2131",0.0298283965073539
"1757",0.031811985073255
"135",0.000920313297405034
"149",0.000392139109439916
"974",0.168537075323706
"2654",0.0477687468850888
"2150",0.0111065266180884
"1637",0.00113986477171206
"2244",0.0140333291771293
"2192",0.1574766123742
"302",0.00251828556766857
"1620",0.00301670415753063
"3497",0.151698982089908
"839",0.0147234751065829
"2024",0.000453791673376515
"2135",0.0246508958033079
"3189",0.0477687468850888
"517",0.000795884696670024
"1745",0.0586929879577444
"2154",0.00912237581585619
"3368",0.18661396078277
"3057",0.01812936708494
"2737",0.0410123270089161
"2877",0.0851381392060012
"3198",0.0205614023574501
"721",0.000266271599544564
"3524",0.0312773321667127
"3529",0.01812936708494
"1866",6.44015613957742e-05
"3134",0.0103200331703849
"456",0.0193463290815607
"1230",0.00650901655828716
"64",0.0361275254988258
"2999",0.395171827008328
"6",0.43777148869774
"47",0.0736499234188102
"207",0.275059535956545
"2635",0.105492665043976
"1659",0.000276598152786732
"931",5.18752493259587e-05
"2615",0.295439709278289
"562",1.467331254672e-05
"2826",0.0250517640472393
"259",0.0260525215508125
"1951",0.0238180689149843
"1955",0.0190390671046887
"781",0.189392361537132
"1848",0.00022003512608841
"2267",0.390830124037873
"3234",0.166886136112302
"509",0.00107579051782754
"1227",0.00772191587784983
"785",0.171270178503671
"2834",0.012688139206329
"2301",0.0821312500476315
"3335",0.028496544336012
"1132",0.572453668982935
"2860",0.190009615525949
"2034",0.000255905855521496
"2777",0.238087302607824
"1174",0.0973540967467065
"2824",0.0275059161429328
"770",0.28227984192986
"1885",0.458817953278827
"101",0.00530547572898523
"1849",0.00022003512608841
"801",0.0867357241650887
"2113",0.0717376412774268
"2965",0.0481353899346813
"1858",9.7766055691603e-05
"357",9.18310865076869e-05
"2008",0.00137228571866691
"1311",3.56646063481175e-05
"2519",0.543072079430093
"1192",0.0429033007418959
"2444",0.396925665826809
"2426",0.0153069625182591
"1088",0.000600985107726556
"932",4.49092148552818e-05
"2684",0.511381151971615
"1606",0.00631329936174682
"2409",0.0409471531721306
"2288",0.140640260905868
"1396",0.0202170476318322
"1807",0.00278698431550294
"3455",0.0531553146406633
"1942",0.0344299845635332
"577",0.371539831425714
"1719",0.187476735404882
"733",0.000107538188993427
"2241",0.0162844023610162
"1771",0.0180456364875822
"1904",0.196645551413944
"554",4.78806629683743e-05
"1889",0.394608560325287
"26",0.184897597432056
"2475",0.0881497466369743
"891",0.000994198891542916
"2571",0.0466206612142855
"1079",0.000959823512481945
"1718",0.199613302787193
"1564",0.0440136291855563
"2112",0.0749013357186098
"215",0.180066516666939
"3515",0.0569666581719779
"3508",0.0995349726617108
"861",0.00508799194280959
"3469",0.0174439535811479
"2400",0.0649826162497806
"150",0.000367987454201712
"871",0.00260526599089448
"1270",0.000636797903782619
"712",0.000539222452317175
"2825",0.0264328542678765
"795",0.11185797986529
"1166",0.146838469852433
"634",0.0301725817930764
"1086",0.000661484711473738
"716",0.000429688709885997
"1263",0.00116407037961759
"2186",0.230330140617458
