Rank,Year,Country,Elo,predrfmodelcs
203,2001,Afghanistan,862,1164.965477
206,2004,Afghanistan,817,1055.670841
206,2005,Afghanistan,809,1051.735318
199,2012,Afghanistan,917,1077.532578
174,2015,Afghanistan,1143,1096.211377
170,2016,Afghanistan,1140,1098.008647
82,1991,Albania,1438,1549.773098
96,1992,Albania,1431,1564.969714
107,1993,Albania,1383,1552.476435
92,1995,Albania,1451,1563.770993
104,1997,Albania,1407,1559.286304
95,2002,Albania,1446,1596.722221
86,2007,Albania,1488,1604.089344
88,2008,Albania,1505,1600.899905
88,2009,Albania,1487,1596.680606
80,2010,Albania,1527,1597.291616
83,2012,Albania,1510,1591.989134
11,1960,Algeria,1870,1518.231785
13,1964,Algeria,1866,1522.541083
27,1966,Algeria,1737,1528.645595
41,1968,Algeria,1639,1497.233797
48,1970,Algeria,1615,1507.158477
54,1975,Algeria,1571,1565.986218
61,1977,Algeria,1536,1577.214345
38,1985,Algeria,1647,1605.786659
46,1986,Algeria,1622,1608.450917
37,1989,Algeria,1664,1611.667029
60,1995,Algeria,1581,1612.096064
72,2002,Algeria,1503,1594.243775
105,2007,Algeria,1407,1596.33424
45,2015,Algeria,1666,1605.735565
81,1983,Angola,1463,1526.408428
66,1988,Angola,1508,1544.56897
79,1989,Angola,1452,1550.261464
101,1994,Angola,1417,1523.116645
88,2003,Angola,1464,1559.676239
70,2005,Angola,1547,1610.148667
89,2008,Angola,1503,1581.695387
89,2012,Angola,1488,1572.767958
103,2014,Angola,1442,1573.941845
154,2016,Angola,1222,1593.169628
152,2017,Angola,1242,1586.487094
164,2000,Antigua and Barbuda,1163,1202.666721
164,2016,Antigua and Barbuda,1204,1216.415168
8,1971,Argentina,1871,1642.793009
15,1974,Argentina,1857,1729.753346
7,1982,Argentina,1941,1768.116839
14,1994,Argentina,1884,1828.226111
21,1996,Argentina,1794,1833.916389
5,2000,Argentina,2003,1839.532555
1,2004,Argentina,2029,1793.503066
8,2005,Argentina,1933,1805.088368
6,2008,Argentina,1974,1847.669934
4,2013,Argentina,2021,1888.500845
2,2016,Argentina,2045,1887.918023
6,2017,Argentina,1984,1887.183803
176,1999,Aruba,1072,1165.97366
189,2002,Aruba,1000,1160.842828
188,2003,Aruba,1000,1157.166695
193,2010,Aruba,932,1149.524222
61,1961,Australia,1517,1329.198611
67,1964,Australia,1517,1374.369979
65,1965,Australia,1509,1412.230951
46,1967,Australia,1609,1416.195858
49,1968,Australia,1597,1418.729529
44,1969,Australia,1627,1425.14112
34,1970,Australia,1695,1449.703342
37,1971,Australia,1679,1450.259697
32,1973,Australia,1681,1477.152044
33,1975,Australia,1685,1504.063244
39,1977,Australia,1659,1518.504574
56,1981,Australia,1575,1533.177256
38,1991,Australia,1676,1579.908166
31,1995,Australia,1711,1587.383414
26,1999,Australia,1764,1590.746683
23,2000,Australia,1789,1596.016422
19,2001,Australia,1829,1590.131247
28,2005,Australia,1769,1607.769556
22,2010,Australia,1776,1603.185951
16,2011,Australia,1819,1600.725261
24,2012,Australia,1775,1595.511247
35,2017,Australia,1728,1596.386498
10,1961,Austria,1895,1618.078599
16,1962,Austria,1836,1617.636135
19,1963,Austria,1789,1627.483325
17,1971,Austria,1790,1708.924634
17,1972,Austria,1822,1703.269856
18,1976,Austria,1813,1712.579944
23,1983,Austria,1818,1749.147984
22,1984,Austria,1799,1736.088808
27,1987,Austria,1752,1749.16155
31,1988,Austria,1731,1748.517833
48,1991,Austria,1615,1755.156998
45,1993,Austria,1644,1755.3655
40,1995,Austria,1655,1762.417912
34,2000,Austria,1722,1748.493486
49,2005,Austria,1668,1752.354738
52,2006,Austria,1630,1754.515151
65,2008,Austria,1567,1776.268355
60,2009,Austria,1589,1759.607054
59,2010,Austria,1605,1757.969878
66,2011,Austria,1579,1778.587873
20,2015,Austria,1802,1757.951222
40,2017,Austria,1710,1779.572456
121,1997,Azerbaijan,1340,1400.101779
140,2000,Azerbaijan,1264,1365.088061
105,2004,Azerbaijan,1390,1393.935322
115,2006,Azerbaijan,1349,1462.844636
109,2014,Azerbaijan,1406,1523.688834
106,2015,Azerbaijan,1420,1493.244705
123,1998,Bahrain,1327,1421.670893
63,2004,Bahrain,1590,1496.146626
73,2005,Bahrain,1540,1507.282287
97,2014,Bahrain,1465,1505.880599
109,2015,Bahrain,1407,1523.352278
187,2003,Bangladesh,1013,1123.29741
185,2004,Bangladesh,1013,1118.048514
190,2007,Bangladesh,965,1133.549204
192,2010,Bangladesh,936,1137.645431
202,2015,Bangladesh,893,1145.647942
132,1998,Barbados,1298,1258.406319
119,2000,Barbados,1335,1285.976476
125,2001,Barbados,1321,1284.374369
126,2004,Barbados,1321,1284.084637
124,2006,Barbados,1320,1270.404116
166,2011,Barbados,1153,1255.800001
172,2012,Barbados,1135,1245.47131
173,2017,Barbados,1138,1249.869747
101,2000,Belarus,1421,1638.28033
77,2001,Belarus,1507,1636.78606
67,2006,Belarus,1563,1707.19141
63,2008,Belarus,1569,1727.577273
61,2011,Belarus,1590,1727.89006
40,1961,Belgium,1647,1649.124604
34,1962,Belgium,1662,1650.697185
19,1968,Belgium,1784,1695.69996
22,1969,Belgium,1779,1713.092576
12,1979,Belgium,1895,1756.20998
10,1982,Belgium,1901,1758.001553
8,1983,Belgium,1900,1749.181647
20,1984,Belgium,1800,1746.782716
16,1985,Belgium,1843,1747.638935
18,1986,Belgium,1802,1757.84576
18,1991,Belgium,1819,1768.408804
25,1995,Belgium,1777,1779.603261
24,2000,Belgium,1787,1788.988171
33,2004,Belgium,1726,1779.423257
43,2005,Belgium,1700,1776.33054
52,2008,Belgium,1633,1789.645785
61,2009,Belgium,1587,1781.614587
8,2017,Belgium,1928,1812.894079
130,1998,Bermuda,1305,1247.175898
131,1999,Bermuda,1301,1252.497021
135,2000,Bermuda,1291,1252.608328
137,2002,Bermuda,1282,1250.385757
164,2005,Bermuda,1173,1225.130087
159,2012,Bermuda,1188,1223.585014
155,2013,Bermuda,1202,1222.688051
223,2000,Bhutan,562,817.7819568
224,2002,Bhutan,574,831.4843084
222,2003,Bhutan,587,824.4816051
223,2005,Bhutan,567,824.8703287
219,2008,Bhutan,652,819.5921853
233,2013,Bhutan,522,822.7274142
235,2014,Bhutan,522,835.1955034
234,2015,Bhutan,552,842.1039516
57,1960,Bolivia,1539,1618.100464
49,1962,Bolivia,1587,1620.062227
31,1965,Bolivia,1695,1615.29281
31,1966,Bolivia,1695,1606.59265
55,1968,Bolivia,1585,1608.25818
48,1971,Bolivia,1610,1596.835758
68,1976,Bolivia,1499,1608.045631
67,1984,Bolivia,1513,1619.720492
75,1987,Bolivia,1488,1607.839356
54,1989,Bolivia,1566,1605.72024
57,1990,Bolivia,1566,1607.86466
41,1996,Bolivia,1663,1630.232783
39,1997,Bolivia,1691,1627.95219
58,2000,Bolivia,1597,1634.849464
64,2001,Bolivia,1563,1633.560253
65,2004,Bolivia,1589,1639.016998
58,2009,Bolivia,1602,1668.556224
65,2010,Bolivia,1582,1673.438776
53,2013,Bolivia,1627,1703.260697
53,2016,Bolivia,1633,1701.151504
51,1995,Bosnia and Herzegovina,1601,1545.959052
55,1996,Bosnia and Herzegovina,1604,1576.629127
64,1998,Bosnia and Herzegovina,1560,1585.168049
69,1999,Bosnia and Herzegovina,1543,1587.962795
71,2001,Bosnia and Herzegovina,1531,1597.897682
54,2004,Bosnia and Herzegovina,1623,1606.114661
68,2006,Bosnia and Herzegovina,1562,1607.512172
62,2008,Bosnia and Herzegovina,1575,1654.751554
41,2011,Bosnia and Herzegovina,1694,1658.334832
36,2017,Bosnia and Herzegovina,1723,1661.191308
5,1985,Brazil,1919,1840.013631
2,1986,Brazil,2015,1840.549993
7,1991,Brazil,1957,1882.961436
1,1997,Brazil,2182,1892.511058
1,1999,Brazil,2094,1888.350573
4,2003,Brazil,1992,1874.718027
1,2005,Brazil,2029,1883.401059
1,2006,Brazil,2081,1882.231303
1,2007,Brazil,2078,1901.067879
3,2010,Brazil,2095,1932.54162
2,2015,Brazil,2038,1918.464164
33,1982,Bulgaria,1697,1699.154105
30,1984,Bulgaria,1742,1692.435685
25,1987,Bulgaria,1768,1706.851162
24,1993,Bulgaria,1789,1657.247582
21,1994,Bulgaria,1858,1647.460131
43,1999,Bulgaria,1664,1666.890982
44,2001,Bulgaria,1685,1667.267507
27,2003,Bulgaria,1766,1704.725993
32,2004,Bulgaria,1731,1712.861693
31,2009,Bulgaria,1758,1714.771328
37,2010,Bulgaria,1707,1713.48776
51,2013,Bulgaria,1643,1711.081566
62,2015,Bulgaria,1585,1704.090261
92,1988,Burkina Faso,1408,1500.113765
95,1995,Burkina Faso,1444,1519.174088
107,1996,Burkina Faso,1402,1517.996997
125,1997,Burkina Faso,1330,1522.56718
111,1998,Burkina Faso,1389,1516.732391
98,1999,Burkina Faso,1430,1514.337687
99,2000,Burkina Faso,1424,1531.797947
107,2002,Burkina Faso,1405,1516.503815
98,2006,Burkina Faso,1424,1508.025536
82,2011,Burkina Faso,1518,1552.920716
80,2016,Burkina Faso,1509,1549.446115
201,2002,Cambodia,866,1050.493694
204,2004,Cambodia,828,1044.210983
205,2005,Cambodia,825,1043.029785
204,2006,Cambodia,812,1040.030934
207,2010,Cambodia,801,1037.355766
216,2014,Cambodia,716,1052.600234
71,1964,Cameroon,1501,1510.203434
66,1967,Cameroon,1494,1511.017712
70,1968,Cameroon,1495,1517.868843
46,1974,Cameroon,1616,1499.516219
49,1975,Cameroon,1592,1502.95585
58,1977,Cameroon,1541,1502.323194
57,1979,Cameroon,1573,1529.280221
43,1981,Cameroon,1621,1536.227858
36,1982,Cameroon,1682,1535.158499
40,1984,Cameroon,1637,1536.733194
33,1989,Cameroon,1707,1556.991008
39,1992,Cameroon,1654,1551.321486
68,1995,Cameroon,1548,1544.533335
63,1997,Cameroon,1560,1550.313659
35,2004,Cameroon,1705,1565.828674
33,2005,Cameroon,1746,1573.654768
36,2007,Cameroon,1738,1587.126811
51,2010,Cameroon,1649,1609.258163
48,2011,Cameroon,1653,1608.396227
58,2013,Cameroon,1595,1611.336472
57,2015,Cameroon,1610,1609.785199
42,1965,Canada,1620,1495.315693
46,1968,Canada,1608,1495.426533
49,1971,Canada,1608,1507.203341
59,1973,Canada,1554,1506.040199
61,1976,Canada,1542,1522.865687
60,1979,Canada,1554,1526.714469
49,1980,Canada,1595,1537.690077
53,1988,Canada,1579,1549.461227
48,1990,Canada,1616,1545.690628
57,1995,Canada,1589,1543.45327
54,2000,Canada,1632,1548.862021
58,2001,Canada,1589,1547.992324
50,2002,Canada,1636,1549.54332
69,2004,Canada,1564,1569.660129
68,2005,Canada,1566,1568.789542
59,2006,Canada,1590,1567.774592
85,2014,Canada,1509,1552.097434
77,2016,Canada,1517,1554.330801
144,2000,Central African Republic,1245,1502.476741
151,2002,Central African Republic,1234,1511.486462
150,2006,Central African Republic,1225,1467.949131
159,2009,Central African Republic,1183,1462.289856
17,1962,Chile,1823,1627.604298
23,1965,Chile,1770,1634.789381
29,1966,Chile,1723,1637.75258
18,1968,Chile,1797,1638.01425
35,1975,Chile,1673,1637.779854
42,1977,Chile,1651,1647.454954
31,1979,Chile,1693,1678.21145
20,1981,Chile,1785,1703.026953
31,1982,Chile,1702,1697.327668
27,1983,Chile,1761,1675.726985
26,1984,Chile,1771,1677.134812
21,1986,Chile,1796,1673.06376
15,1987,Chile,1854,1675.101208
26,1992,Chile,1768,1712.927744
58,2002,Chile,1592,1722.172216
53,2003,Chile,1630,1733.696633
47,2004,Chile,1654,1767.328528
20,2008,Chile,1800,1765.371773
11,2009,Chile,1881,1764.071754
10,2011,Chile,1886,1806.431918
7,2014,Chile,1964,1805.259273
5,2016,Chile,1982,1811.706854
50,1964,China,1572,1446.739818
41,1967,China,1633,1445.586048
45,1970,China,1633,1446.514769
40,1972,China,1651,1449.315612
35,1973,China,1666,1449.372662
48,1975,China,1596,1441.864537
52,1986,China,1586,1408.824991
50,1987,China,1607,1406.475039
71,1990,China,1492,1409.777055
68,1991,China,1492,1404.190089
56,2002,China,1604,1389.032763
77,2008,China,1532,1486.045797
79,2009,China,1545,1490.606513
57,2011,China,1611,1514.078223
59,2013,China,1591,1520.702805
71,2015,China,1548,1525.528367
84,1964,Colombia,1431,1556.899508
89,1966,Colombia,1436,1557.732856
83,1967,Colombia,1436,1555.32764
86,1971,Colombia,1410,1558.670093
47,1976,Colombia,1615,1630.906773
53,1977,Colombia,1577,1641.356668
54,1980,Colombia,1574,1666.163574
26,1987,Colombia,1756,1676.653504
18,1989,Colombia,1822,1696.561727
14,1996,Colombia,1881,1796.771773
23,1997,Colombia,1768,1799.962728
10,2001,Colombia,1877,1786.640276
21,2006,Colombia,1790,1792.635384
15,2007,Colombia,1839,1807.678692
33,2008,Colombia,1748,1819.594453
26,2011,Colombia,1768,1847.743303
6,2013,Colombia,1934,1861.679866
7,2015,Colombia,1955,1830.447889
9,2016,Colombia,1930,1827.728318
9,2017,Colombia,1927,1833.12857
48,1962,Congo,1591,1505.822581
51,1966,Congo,1556,1487.918652
51,1967,Congo,1601,1479.579822
59,1975,Congo,1534,1481.143383
66,1978,Congo,1510,1477.598192
91,1989,Congo,1415,1515.320862
105,1993,Congo,1394,1521.492968
106,1994,Congo,1395,1520.542979
116,1995,Congo,1364,1521.101637
83,1997,Congo,1474,1518.375757
72,1999,Congo,1526,1515.809814
98,2001,Congo,1429,1518.141446
95,2004,Congo,1445,1525.879464
98,2008,Congo,1439,1517.128139
94,2014,Congo,1472,1534.993413
84,2015,Congo,1507,1535.663977
33,1960,Costa Rica,1676,1568.226979
24,1966,Costa Rica,1747,1559.59301
49,1972,Costa Rica,1595,1546.853237
56,1976,Costa Rica,1550,1537.956997
71,1981,Costa Rica,1506,1533.038932
67,1995,Costa Rica,1558,1553.607391
63,1996,Costa Rica,1579,1551.696003
53,2007,Costa Rica,1639,1582.98583
43,2008,Costa Rica,1701,1587.40568
40,2009,Costa Rica,1703,1581.947495
29,2013,Costa Rica,1735,1626.925102
15,2014,Costa Rica,1867,1628.451619
34,1962,Cote d'Ivoire,1662,1503.158767
32,1965,Cote d'Ivoire,1694,1507.699371
27,1968,Cote d'Ivoire,1736,1513.202945
51,1977,Cote d'Ivoire,1585,1530.574402
63,1983,Cote d'Ivoire,1545,1528.924727
50,1984,Cote d'Ivoire,1587,1529.189967
40,1986,Cote d'Ivoire,1647,1543.272101
36,1991,Cote d'Ivoire,1683,1548.036906
43,1992,Cote d'Ivoire,1644,1550.729427
68,1997,Cote d'Ivoire,1538,1553.9837
54,1998,Cote d'Ivoire,1619,1553.355945
63,2002,Cote d'Ivoire,1561,1552.793901
42,2004,Cote d'Ivoire,1675,1572.857573
29,2011,Cote d'Ivoire,1764,1605.904999
33,2015,Cote d'Ivoire,1737,1611.474103
64,2017,Cote d'Ivoire,1604,1614.123971
12,1995,Croatia,1881,1680.07962
14,1997,Croatia,1864,1703.578096
9,1999,Croatia,1915,1703.395747
18,2003,Croatia,1827,1696.153033
10,2009,Croatia,1888,1726.787826
9,2011,Croatia,1891,1726.072093
57,1976,Cuba,1548,1396.147617
54,1979,Cuba,1582,1441.174546
55,1981,Cuba,1581,1447.151697
63,1984,Cuba,1533,1442.474176
80,1993,Cuba,1502,1440.118672
78,1994,Cuba,1502,1457.878956
96,1998,Cuba,1434,1585.839144
92,2001,Cuba,1449,1457.346019
85,2007,Cuba,1500,1449.227412
110,2011,Cuba,1395,1436.067652
111,2014,Cuba,1396,1475.477129
122,2015,Cuba,1339,1494.819756
76,1998,Cyprus,1492,1461.340995
78,1999,Cyprus,1499,1464.756369
68,2000,Cyprus,1539,1450.372676
79,2001,Cyprus,1501,1456.834996
79,2002,Cyprus,1497,1469.626629
93,2005,Cyprus,1460,1508.950359
78,2007,Cyprus,1531,1523.753563
76,2008,Cyprus,1533,1524.608149
109,2014,Cyprus,1406,1518.10104
107,2016,Cyprus,1406,1509.034908
10,1996,Czech Republic,1925,1743.782831
4,2005,Czech Republic,1966,1764.764536
29,2010,Czech Republic,1742,1773.989004
26,2013,Czech Republic,1761,1773.826611
28,2015,Czech Republic,1766,1769.007934
52,1988,Democratic Republic of Congo,1580,1495.189324
52,1989,Democratic Republic of Congo,1570,1522.853091
71,1995,Democratic Republic of Congo,1539,1520.31612
26,1962,Denmark,1706,1620.528215
32,1963,Denmark,1667,1624.77589
42,1964,Denmark,1622,1633.136245
44,1968,Denmark,1623,1641.276383
37,1973,Denmark,1657,1689.836417
50,1975,Denmark,1590,1691.486057
45,1977,Denmark,1642,1705.435017
8,1984,Denmark,1889,1724.610628
8,1987,Denmark,1907,1746.866078
10,1994,Denmark,1904,1766.104909
9,1997,Denmark,1929,1765.032699
11,1999,Denmark,1909,1766.203862
10,2003,Denmark,1896,1753.356802
14,2004,Denmark,1864,1754.372613
28,2013,Denmark,1747,1762.158251
19,2017,Denmark,1842,1759.788044
171,2003,Dominican Republic,1111,1386.674598
177,2006,Dominican Republic,1078,1392.554438
181,2008,Dominican Republic,1049,1371.97007
172,2011,Dominican Republic,1129,1401.203557
150,2017,Dominican Republic,1250,1442.446583
10,1975,East Germany,1903,1861.146565
5,1976,East Germany,1967,1869.923841
11,1979,East Germany,1911,1864.049887
9,1980,East Germany,1941,1870.222932
13,1984,East Germany,1860,1866.729067
27,1989,East Germany,1739,1875.650903
89,1966,Ecuador,1436,1568.92562
83,1967,Ecuador,1436,1569.798378
80,1970,Ecuador,1443,1565.880728
83,1973,Ecuador,1440,1609.222037
85,1977,Ecuador,1439,1662.593885
75,1981,Ecuador,1481,1686.298819
56,1988,Ecuador,1572,1645.05166
41,1991,Ecuador,1663,1672.491228
47,1993,Ecuador,1631,1674.257175
43,2000,Ecuador,1690,1674.559827
33,2001,Ecuador,1734,1685.507696
35,2002,Ecuador,1722,1700.330717
33,2006,Ecuador,1760,1712.810636
16,2014,Ecuador,1848,1764.521401
30,2017,Ecuador,1747,1765.73804
18,1967,Egypt,1785,1549.312988
24,1969,Egypt,1763,1535.492889
19,1970,Egypt,1791,1533.922975
29,1975,Egypt,1702,1471.486842
40,1976,Egypt,1642,1501.636835
46,1981,Egypt,1614,1543.908658
45,1995,Egypt,1635,1544.769048
51,1996,Egypt,1621,1547.904196
49,1999,Egypt,1647,1609.120505
42,2000,Egypt,1693,1623.296822
48,2004,Egypt,1648,1542.074832
38,2005,Egypt,1716,1572.262068
41,2007,Egypt,1683,1649.742904
29,2008,Egypt,1765,1643.545032
41,2009,Egypt,1697,1647.883652
42,2013,Egypt,1696,1646.937415
60,2014,Egypt,1617,1641.659351
70,1967,El Salvador,1487,1518.118178
66,1971,El Salvador,1522,1512.652388
69,1976,El Salvador,1494,1529.836965
71,1978,El Salvador,1487,1533.910509
71,1979,El Salvador,1480,1535.426699
48,1981,El Salvador,1600,1535.575695
70,1987,El Salvador,1513,1533.988306
67,1992,El Salvador,1537,1521.144417
77,1998,El Salvador,1483,1311.326003
109,1999,El Salvador,1390,1546.053165
86,2000,El Salvador,1458,1545.336704
101,2004,El Salvador,1407,1559.719458
108,2006,El Salvador,1373,1562.212802
91,2008,El Salvador,1488,1563.243248
92,2010,El Salvador,1483,1565.883627
94,2017,El Salvador,1456,1558.525927
1,1969,England,2085,1838.745412
7,1976,England,1960,1824.021072
3,1979,England,2049,1856.816927
3,1985,England,1934,1859.985959
1,1987,England,2014,1865.175484
7,1989,England,1944,1868.653731
7,2003,England,1956,1884.410433
5,2008,England,1987,1879.621862
6,2011,England,1955,1883.652284
6,2012,England,1953,1883.40637
6,2013,England,1934,1882.048191
115,2000,Estonia,1368,1424.624202
98,2002,Estonia,1438,1446.668899
106,2003,Estonia,1417,1457.066942
107,2004,Estonia,1384,1445.312303
100,2005,Estonia,1427,1481.328197
101,2006,Estonia,1408,1491.639738
107,2007,Estonia,1403,1488.178318
106,2008,Estonia,1418,1501.198622
87,2012,Estonia,1496,1493.764214
94,2013,Estonia,1468,1504.429079
87,2015,Estonia,1492,1488.872748
97,2016,Estonia,1438,1501.044625
81,2017,Estonia,1507,1504.521308
114,2000,Ethiopia,1371,1490.894883
101,2001,Ethiopia,1423,1488.70921
139,2002,Ethiopia,1270,1488.315125
120,2004,Ethiopia,1346,1481.029394
123,2014,Ethiopia,1348,1539.835436
139,2015,Ethiopia,1273,1538.347142
95,2000,Fiji,1431,1414.541066
112,2002,Fiji,1381,1412.190843
123,2006,Fiji,1321,1383.451499
140,2007,Fiji,1266,1385.150197
126,2010,Fiji,1323,1382.733075
136,2014,Fiji,1280,1364.822629
82,1965,Finland,1444,1462.905035
78,1966,Finland,1469,1467.183157
88,1967,Finland,1421,1467.584803
89,1969,Finland,1406,1461.118435
89,1970,Finland,1411,1462.735566
94,1971,Finland,1383,1460.87693
84,1972,Finland,1414,1468.554242
92,1974,Finland,1417,1511.767747
81,1977,Finland,1448,1509.770577
70,1978,Finland,1489,1521.216713
70,1985,Finland,1512,1560.614343
61,1986,Finland,1560,1583.048466
47,1989,Finland,1609,1600.983191
74,1995,Finland,1530,1619.1203
88,1996,Finland,1465,1610.361901
63,1999,Finland,1570,1620.877785
38,2001,Finland,1716,1607.344529
48,2002,Finland,1664,1627.697735
40,2004,Finland,1685,1640.401285
51,2005,Finland,1658,1638.237354
40,2007,Finland,1688,1646.341689
61,2010,Finland,1592,1635.531749
58,2011,Finland,1603,1652.100593
51,2012,Finland,1632,1642.862338
57,2014,Finland,1626,1648.610428
24,1964,France,1747,1767.860707
8,1994,France,1908,1880.474308
2,1999,France,2039,1886.276822
1,2000,France,2112,1882.066375
1,2001,France,2114,1881.356852
3,2007,France,2013,1883.074506
8,2008,France,1891,1880.438056
8,2015,France,1954,1886.683207
96,1976,Gabon,1376,1409.608825
94,1977,Gabon,1387,1407.714509
97,1983,Gabon,1356,1413.182147
80,1988,Gabon,1469,1420.839923
90,1990,Gabon,1401,1429.344037
83,1992,Gabon,1481,1433.143635
93,1994,Gabon,1444,1425.463398
94,1997,Gabon,1441,1436.154126
84,1999,Gabon,1469,1396.86638
99,2000,Gabon,1424,1417.261402
100,2004,Gabon,1415,1468.969144
105,2006,Gabon,1393,1451.222301
102,2007,Gabon,1430,1454.320189
81,2009,Gabon,1534,1452.905583
87,2013,Gabon,1503,1532.610506
76,2014,Gabon,1530,1533.34469
90,2015,Gabon,1482,1517.765635
131,1998,Gambia,1302,1436.281001
119,2002,Gambia,1366,1475.212928
119,2003,Gambia,1353,1510.381615
56,1998,Georgia,1607,1597.433037
76,1999,Georgia,1509,1586.91182
60,2002,Georgia,1584,1589.092343
86,2005,Georgia,1498,1616.109354
78,2006,Georgia,1528,1602.274427
103,2009,Georgia,1435,1607.954756
86,2010,Georgia,1507,1606.26692
88,2013,Georgia,1498,1628.426553
88,2016,Georgia,1475,1605.140522
2,1971,Germany,2045,1821.975353
1,1975,Germany,2093,1861.146565
4,1982,Germany,2010,1870.49109
4,1988,Germany,1982,1870.083509
1,1991,Germany,2088,1882.749696
3,1992,Germany,1993,1884.679768
2,1995,Germany,2031,1885.501504
2,1997,Germany,2070,1885.408905
7,2002,Germany,1938,1880.889547
11,2004,Germany,1883,1882.432791
2,2011,Germany,2082,1888.862154
3,2013,Germany,2086,1888.615446
1,2014,Germany,2134,1884.686059
22,1961,Ghana,1763,1520.122436
15,1963,Ghana,1820,1523.417286
10,1966,Ghana,1867,1511.355171
38,1972,Ghana,1660,1519.296842
35,1981,Ghana,1682,1507.356452
27,1982,Ghana,1735,1508.707897
32,1983,Ghana,1706,1508.61141
38,1984,Ghana,1645,1507.029284
58,1985,Ghana,1574,1506.744866
51,1986,Ghana,1594,1508.924904
44,1987,Ghana,1625,1507.178216
64,1990,Ghana,1527,1508.62252
81,1997,Ghana,1480,1502.82998
90,2003,Ghana,1452,1479.028481
34,2006,Ghana,1754,1589.504808
30,2007,Ghana,1762,1593.237221
44,2008,Ghana,1693,1602.358753
42,2009,Ghana,1686,1591.091491
27,2010,Ghana,1743,1601.461382
38,2013,Ghana,1703,1609.611313
60,2016,Ghana,1594,1610.85837
55,2017,Ghana,1617,1607.829711
79,1960,Greece,1441,1614.069013
78,1961,Greece,1450,1617.573216
58,1965,Greece,1527,1624.587529
38,1968,Greece,1653,1650.636041
46,1971,Greece,1614,1662.303706
44,1976,Greece,1631,1707.813379
44,1977,Greece,1649,1705.544027
35,1978,Greece,1684,1699.49258
31,1980,Greece,1682,1714.958115
37,1981,Greece,1668,1701.434844
38,1987,Greece,1662,1737.081877
39,1989,Greece,1660,1740.828173
33,1990,Greece,1695,1767.955631
39,1991,Greece,1664,1767.813588
35,1992,Greece,1676,1761.780766
40,1996,Greece,1667,1761.352288
31,1998,Greece,1720,1761.423507
28,1999,Greece,1742,1761.278368
39,2000,Greece,1705,1764.312036
48,2001,Greece,1655,1763.564325
46,2002,Greece,1667,1765.613477
23,2009,Greece,1783,1786.218892
21,2011,Greece,1785,1784.112406
19,2012,Greece,1825,1788.240745
16,2013,Greece,1841,1788.308046
131,2000,Grenada,1301,1257.194033
143,2002,Grenada,1258,1256.74293
163,2011,Grenada,1174,1235.02105
89,1962,Guatemala,1422,1507.493265
88,1963,Guatemala,1409,1506.379308
66,1965,Guatemala,1503,1512.362468
67,1966,Guatemala,1508,1514.40654
49,1967,Guatemala,1606,1516.443248
71,1980,Guatemala,1509,1539.480408
59,1984,Guatemala,1569,1543.310516
56,1985,Guatemala,1575,1545.308368
76,1990,Guatemala,1459,1532.220561
86,1994,Guatemala,1469,1561.721745
90,1995,Guatemala,1457,1578.878286
60,2001,Guatemala,1577,1585.190907
68,2002,Guatemala,1532,1584.642631
68,2003,Guatemala,1547,1582.528147
58,2004,Guatemala,1616,1585.986185
83,2011,Guatemala,1513,1585.998533
96,2015,Guatemala,1456,1597.764871
80,2017,Guatemala,1512,1598.409067
78,1988,Guinea,1470,1499.202216
81,1997,Guinea,1480,1498.573093
78,2003,Guinea,1515,1506.342401
61,2006,Guinea,1582,1507.541477
60,2008,Guinea,1583,1531.415736
83,2010,Guinea,1519,1531.196638
81,2013,Guinea,1516,1535.82961
104,1999,Haiti,1412,1525.441101
106,2000,Haiti,1409,1516.711937
75,2002,Haiti,1501,1522.745694
84,2003,Haiti,1477,1524.646419
72,2007,Haiti,1550,1534.199902
104,2009,Haiti,1433,1531.461852
105,2010,Haiti,1437,1532.853305
96,2012,Haiti,1462,1531.105412
84,2017,Haiti,1495,1532.003114
97,1967,Honduras,1383,1535.740297
82,1968,Honduras,1451,1527.878089
85,1969,Honduras,1434,1525.429503
82,1970,Honduras,1436,1520.181199
72,1973,Honduras,1464,1519.547696
81,1977,Honduras,1448,1525.382634
82,1978,Honduras,1448,1531.954308
81,1979,Honduras,1448,1535.031547
56,1980,Honduras,1565,1535.76457
41,1982,Honduras,1623,1538.519809
46,1983,Honduras,1602,1538.148687
42,1984,Honduras,1625,1538.218976
44,1985,Honduras,1618,1533.972522
45,1986,Honduras,1631,1533.177338
48,1987,Honduras,1616,1528.279717
53,1989,Honduras,1568,1533.962073
39,1991,Honduras,1664,1536.446214
65,1996,Honduras,1564,1533.820134
52,1999,Honduras,1623,1534.338083
34,2001,Honduras,1733,1539.968675
29,2002,Honduras,1770,1541.267347
45,2003,Honduras,1667,1544.345608
33,2009,Honduras,1748,1586.897682
41,2012,Honduras,1683,1589.634427
68,2014,Honduras,1552,1584.529209
153,2000,Hong Kong,1208,1447.325964
158,2003,Hong Kong,1179,1486.989311
146,2005,Hong Kong,1233,1453.405409
152,2010,Hong Kong,1216,1439.602614
165,2016,Hong Kong,1196,1457.041113
57,1997,Hungary,1589,1705.577092
53,1999,Hungary,1618,1703.542402
48,2000,Hungary,1669,1706.126496
55,2001,Hungary,1599,1703.433128
57,2002,Hungary,1593,1741.574873
62,2007,Hungary,1573,1752.72966
47,2014,Hungary,1659,1751.832639
39,2016,Hungary,1691,1757.664033
99,1976,Iceland,1370,1481.38042
100,1979,Iceland,1360,1498.357639
89,1980,Iceland,1413,1506.398791
78,1983,Iceland,1467,1493.560654
61,1992,Iceland,1564,1528.573514
70,1996,Iceland,1521,1524.989785
84,2006,Iceland,1497,1556.51922
106,2007,Iceland,1405,1466.718292
94,2008,Iceland,1450,1556.117285
21,2017,Iceland,1811,1461.612694
173,1998,India,1099,1322.26345
161,2004,India,1181,1328.520138
141,2008,India,1253,1382.37493
160,2010,India,1178,1381.046394
151,2011,India,1214,1366.91231
180,2014,India,1069,1355.151023
150,2013,Indonesia,1227,1430.829311
46,1964,Iran,1599,1476.070556
48,1965,Iran,1600,1474.024099
50,1966,Iran,1574,1465.761198
58,1967,Iran,1576,1468.683212
43,1969,Iran,1632,1472.295969
46,1971,Iran,1614,1480.528199
24,1977,Iran,1762,1596.691277
36,1983,Iran,1665,1597.055136
36,1984,Iran,1661,1596.150991
41,1985,Iran,1639,1597.156348
38,1986,Iran,1649,1589.290545
63,1993,Iran,1567,1427.063061
40,1997,Iran,1687,1612.219032
27,1998,Iran,1748,1613.857262
24,1999,Iran,1768,1614.617124
29,2001,Iran,1753,1610.791646
36,2002,Iran,1709,1613.254359
28,2008,Iran,1772,1642.657353
33,2011,Iran,1743,1657.084645
30,2013,Iran,1730,1645.703667
36,2015,Iran,1727,1643.099205
31,1960,Iraq,1682,1494.381121
39,1964,Iraq,1635,1485.958238
64,1970,Iraq,1534,1486.312105
55,1977,Iraq,1569,1530.289581
46,1978,Iraq,1628,1547.976228
33,1979,Iraq,1687,1572.146469
29,1980,Iraq,1718,1562.133932
24,1982,Iraq,1752,1571.870093
32,1985,Iraq,1703,1571.728088
45,1987,Iraq,1623,1560.141974
42,1989,Iraq,1639,1564.581304
42,1990,Iraq,1646,1571.208016
55,2005,Iraq,1612,1581.337682
56,2006,Iraq,1599,1581.836052
59,2008,Iraq,1597,1552.04602
62,2010,Iraq,1590,1557.05123
84,2014,Iraq,1510,1565.471779
90,2016,Iraq,1471,1581.637119
29,1971,Ireland,1739,1476.980201
26,1972,Ireland,1736,1489.527196
23,1973,Ireland,1777,1504.976894
20,1974,Ireland,1790,1514.213524
24,1978,Ireland,1778,1508.982277
19,1980,Ireland,1801,1536.999556
20,1981,Ireland,1785,1552.022811
19,1984,Ireland,1822,1549.999235
17,1985,Ireland,1842,1553.411183
29,1986,Ireland,1753,1565.196681
14,1994,Ireland,1884,1631.112134
28,1998,Ireland,1740,1626.94774
19,2000,Ireland,1811,1646.275837
35,2006,Ireland,1746,1671.89577
35,2013,Ireland,1712,1671.879186
27,2014,Ireland,1733,1670.38873
21,2016,Ireland,1802,1664.166035
34,2017,Ireland,1732,1657.432624
48,1961,Israel,1588,1594.361865
62,1966,Israel,1517,1597.157284
64,1967,Israel,1517,1602.124122
40,1998,Israel,1692,1736.705034
41,2002,Israel,1687,1738.008828
39,2004,Israel,1686,1739.243312
64,2015,Israel,1580,1760.072887
11,1962,Italy,1878,1662.105622
7,1964,Italy,1919,1658.553875
6,1965,Italy,1933,1668.675314
7,1966,Italy,1944,1754.87893
4,1968,Italy,1975,1787.511877
6,1974,Italy,1939,1818.263582
7,1975,Italy,1951,1824.353761
6,1976,Italy,1962,1815.674983
5,1979,Italy,1991,1842.802858
11,1984,Italy,1881,1853.123495
10,1986,Italy,1881,1866.905757
4,1992,Italy,1979,1882.892617
11,2002,Italy,1879,1884.481123
10,2011,Italy,1886,1885.430598
14,2014,Italy,1886,1883.790915
15,2015,Italy,1872,1884.440307
94,1994,Jamaica,1437,1421.021519
54,2006,Jamaica,1611,1413.20853
68,2007,Jamaica,1563,1444.943711
53,2009,Jamaica,1622,1409.299469
52,2011,Jamaica,1640,1467.446589
80,2014,Jamaica,1522,1469.151684
69,2017,Jamaica,1565,1466.513337
52,1967,Japan,1599,1160.978687
54,1970,Japan,1581,1316.169563
72,1975,Japan,1480,1448.953655
80,1976,Japan,1466,1451.237264
88,1978,Japan,1414,1485.362833
86,1984,Japan,1431,1491.288277
77,1985,Japan,1486,1500.044645
80,1986,Japan,1455,1502.931678
77,1987,Japan,1486,1491.029267
94,1989,Japan,1408,1482.482301
25,1997,Japan,1758,1621.950138
19,2000,Japan,1811,1629.955129
22,2005,Japan,1812,1640.121222
40,2006,Japan,1731,1638.22322
18,2010,Japan,1787,1638.956069
28,2014,Japan,1729,1638.91876
41,2017,Japan,1707,1624.846234
102,1998,Jordan,1425,1491.304589
91,1999,Jordan,1459,1494.12902
92,2000,Jordan,1440,1491.883569
81,2007,Jordan,1520,1515.382553
82,2008,Jordan,1520,1509.82761
67,2013,Jordan,1572,1534.392604
78,2015,Jordan,1522,1536.12274
57,1994,Kazakhstan,1592,1642.350981
88,2001,Kazakhstan,1465,1650.167386
118,2004,Kazakhstan,1350,1705.841756
112,2007,Kazakhstan,1376,1750.928313
121,2008,Kazakhstan,1352,1752.457525
126,2012,Kazakhstan,1339,1750.768879
123,2013,Kazakhstan,1358,1775.721262
107,2016,Kazakhstan,1406,1745.440195
121,2017,Kazakhstan,1340,1743.693699
97,2004,Kenya,1429,1505.252495
109,2005,Kenya,1367,1527.079871
125,2006,Kenya,1316,1546.066485
113,2008,Kenya,1398,1541.066537
128,2011,Kenya,1322,1541.172313
113,2015,Kenya,1381,1575.36174
52,1980,Kuwait,1576,1532.567673
46,1983,Kuwait,1602,1537.977655
67,1989,Kuwait,1514,1545.914634
70,1990,Kuwait,1493,1520.364732
82,1995,Kuwait,1492,1556.44679
65,2001,Kuwait,1558,1549.718682
82,2002,Kuwait,1487,1551.726064
97,2005,Kuwait,1449,1522.080977
103,2000,Latvia,1417,1482.212848
89,2007,Latvia,1471,1520.381194
78,2008,Latvia,1526,1524.982319
120,2017,Latvia,1363,1503.421658
118,2006,Lebanon,1344,1484.537831
151,2009,Lebanon,1225,1505.183662
151,2010,Lebanon,1221,1511.948513
129,2011,Lebanon,1320,1511.115515
117,1998,Liberia,1363,1524.420424
106,1999,Liberia,1407,1524.928096
97,2000,Liberia,1428,1520.876209
82,2001,Liberia,1494,1520.717469
109,2004,Liberia,1374,1520.67055
136,2005,Liberia,1278,1518.820974
136,2012,Liberia,1304,1475.605356
133,2014,Liberia,1294,1463.634749
127,2017,Liberia,1308,1486.489474
79,1995,Libya,1500,1540.793611
88,1997,Libya,1457,1534.27601
93,2000,Libya,1438,1537.08272
70,2004,Libya,1546,1532.338648
87,2005,Libya,1484,1536.770844
90,2014,Libya,1483,1541.762831
100,1995,Lithuania,1435,1490.262698
86,1996,Lithuania,1469,1495.371642
104,2001,Lithuania,1412,1486.23922
101,2003,Lithuania,1425,1538.093701
92,2005,Lithuania,1463,1541.550123
63,2010,Lithuania,1589,1557.292408
94,2012,Lithuania,1468,1524.820132
170,2001,Luxembourg,1114,1438.292456
173,2002,Luxembourg,1102,1453.742766
186,2004,Luxembourg,1012,1354.731275
184,2006,Luxembourg,992,1355.80833
175,2010,Luxembourg,1112,1303.925574
168,2012,Luxembourg,1147,1321.075048
154,2013,Luxembourg,1208,1344.939215
124,2017,Luxembourg,1322,1355.880635
94,2001,Macedonia,1445,1583.057472
85,2004,Macedonia,1500,1576.383943
71,2010,Macedonia,1566,1587.242654
80,2012,Macedonia,1529,1588.829978
99,2015,Macedonia,1440,1586.422413
77,2017,Macedonia,1520,1580.51834
96,1968,Madagascar,1394,1517.363425
92,1970,Madagascar,1394,1521.164173
80,1971,Madagascar,1442,1520.203628
94,1974,Madagascar,1393,1517.982085
94,1978,Madagascar,1385,1501.022582
87,1982,Madagascar,1418,1505.526334
80,1983,Madagascar,1465,1506.342401
86,1986,Madagascar,1420,1507.868024
85,1988,Madagascar,1439,1522.532282
75,1990,Madagascar,1466,1515.281555
81,1994,Madagascar,1490,1534.3928
83,1995,Madagascar,1490,1526.654269
87,1996,Madagascar,1467,1499.852595
85,1997,Madagascar,1467,1520.412126
83,2000,Madagascar,1462,1517.490031
140,2003,Madagascar,1266,1503.60504
135,2009,Madagascar,1270,1488.827694
163,2014,Madagascar,1192,1466.227824
63,1979,Malawi,1533,1518.038894
69,1986,Malawi,1528,1516.116552
56,1987,Malawi,1571,1512.588977
107,1991,Malawi,1353,1518.650043
96,1993,Malawi,1430,1520.432048
93,1996,Malawi,1441,1519.167996
139,2000,Malawi,1265,1513.077948
143,2001,Malawi,1255,1513.166255
134,2004,Malawi,1292,1511.568077
126,2006,Malawi,1314,1503.223147
137,2007,Malawi,1276,1506.7586
122,2008,Malawi,1338,1507.069997
118,2012,Malawi,1368,1510.715777
127,2013,Malawi,1336,1509.453465
137,2001,Malaysia,1278,1543.538973
135,2002,Malaysia,1286,1543.534785
139,2003,Malaysia,1267,1541.900275
155,2005,Malaysia,1202,1546.164353
152,2014,Malaysia,1225,1549.277943
183,2017,Malaysia,1062,1513.297832
57,1979,Mali,1573,1523.550486
72,1982,Mali,1503,1520.354581
95,1991,Mali,1394,1502.654045
99,1993,Mali,1421,1504.852076
98,1998,Mali,1432,1497.597698
82,1999,Mali,1478,1507.34744
72,2002,Mali,1503,1508.120756
78,2005,Mali,1517,1507.458861
75,2008,Mali,1534,1540.088311
150,1998,Malta,1211,1421.819448
142,2004,Malta,1247,1438.864323
155,2010,Malta,1204,1432.293856
148,2012,Malta,1241,1431.324742
145,2013,Malta,1252,1442.403184
149,2015,Malta,1233,1444.419066
160,2016,Malta,1215,1445.616864
144,2001,Mauritius,1247,1397.754785
131,2003,Mauritius,1301,1422.867558
124,2004,Mauritius,1335,1417.199514
138,2006,Mauritius,1260,1413.660071
163,2007,Mauritius,1184,1379.23563
182,2009,Mauritius,1034,1342.421268
182,2016,Mauritius,1098,1314.276338
182,2017,Mauritius,1068,1435.447013
16,1961,Mexico,1808,1596.748891
10,1965,Mexico,1869,1613.952026
17,1967,Mexico,1810,1630.875816
18,1972,Mexico,1820,1604.519931
28,1973,Mexico,1731,1591.600728
32,1976,Mexico,1700,1677.593304
21,1977,Mexico,1787,1631.471693
30,1979,Mexico,1704,1704.06769
39,1981,Mexico,1662,1708.647477
31,1983,Mexico,1715,1706.423183
23,1984,Mexico,1786,1709.450256
18,1985,Mexico,1834,1715.562533
10,1989,Mexico,1907,1707.310458
21,1996,Mexico,1794,1738.406592
22,1997,Mexico,1789,1755.450792
14,1999,Mexico,1905,1752.003098
22,2001,Mexico,1809,1764.237985
15,2002,Mexico,1833,1771.27884
18,2005,Mexico,1835,1772.126096
13,2008,Mexico,1835,1778.078721
12,2011,Mexico,1866,1774.089145
7,2012,Mexico,1917,1772.52086
22,2013,Mexico,1798,1768.322279
13,2015,Mexico,1907,1776.632919
107,1997,Moldova,1394,1556.995944
104,2000,Moldova,1413,1548.557706
108,2001,Moldova,1394,1547.659479
107,2003,Moldova,1415,1556.002224
102,2004,Moldova,1403,1565.798748
102,2009,Moldova,1443,1594.656356
108,2014,Moldova,1414,1581.403992
197,1998,Mongolia,892,1034.720137
196,1999,Mongolia,892,1047.572557
208,2004,Mongolia,755,1045.304578
207,2007,Mongolia,799,1108.906345
210,2013,Mongolia,780,1182.579423
31,1961,Morocco,1685,1515.257572
32,1964,Morocco,1682,1536.16178
36,1965,Morocco,1656,1536.151761
40,1970,Morocco,1648,1517.717982
32,1971,Morocco,1706,1509.648802
38,1977,Morocco,1660,1548.862615
33,1985,Morocco,1694,1571.720342
33,1987,Morocco,1702,1589.729209
49,1989,Morocco,1592,1588.729373
53,1994,Morocco,1608,1594.768202
58,1995,Morocco,1587,1616.531232
23,1999,Morocco,1784,1612.941226
42,2007,Morocco,1681,1609.116906
70,2009,Morocco,1568,1610.738662
70,2011,Morocco,1566,1597.710839
75,2013,Morocco,1532,1599.799894
45,2017,Morocco,1691,1614.923207
125,1998,Mozambique,1326,1495.261688
150,2001,Mozambique,1240,1498.122952
134,2006,Mozambique,1281,1486.219843
116,2007,Mozambique,1357,1479.994125
106,2009,Mozambique,1427,1475.060856
116,2010,Mozambique,1381,1463.974373
126,2017,Mozambique,1316,1486.904109
172,2001,Myanmar,1106,1431.74827
185,2011,Myanmar,1013,1411.65918
186,2015,Myanmar,1033,1405.67648
185,2016,Myanmar,1056,1426.232527
206,2000,Nepal,783,1053.710783
201,2003,Nepal,854,1051.252651
201,2005,Nepal,843,1044.638806
202,2006,Nepal,839,1040.731384
188,2009,Nepal,962,1049.166285
188,2010,Nepal,962,1065.74233
2,1974,Netherlands,2088,1757.607344
12,1980,Netherlands,1918,1775.282197
10,1981,Netherlands,1911,1773.11083
7,1987,Netherlands,1936,1799.646722
1,1989,Netherlands,2047,1798.506707
5,1992,Netherlands,1967,1807.76519
8,1997,Netherlands,1940,1823.175746
4,1999,Netherlands,1957,1827.530249
5,2001,Netherlands,1995,1823.146363
2,2002,Netherlands,2050,1822.260969
2,2005,Netherlands,1993,1837.718597
6,2007,Netherlands,1947,1863.127928
5,2012,Netherlands,1997,1857.840079
14,2015,Netherlands,1898,1844.13451
14,2016,Netherlands,1889,1845.836546
58,1964,New Zealand,1542,1403.161343
76,1971,New Zealand,1447,1393.420425
81,1974,New Zealand,1446,1423.627157
74,1976,New Zealand,1481,1413.062154
76,1980,New Zealand,1472,1459.118372
49,1981,New Zealand,1590,1469.219976
40,1983,New Zealand,1635,1474.787635
65,1986,New Zealand,1536,1491.26756
59,1987,New Zealand,1563,1497.491352
62,1990,New Zealand,1535,1492.498674
75,1994,New Zealand,1516,1501.831786
97,1997,New Zealand,1435,1498.283487
71,2003,New Zealand,1529,1507.629723
78,2004,New Zealand,1525,1506.074441
76,2005,New Zealand,1522,1508.830374
78,2008,New Zealand,1526,1513.284077
69,2010,New Zealand,1573,1517.585757
82,2014,New Zealand,1519,1524.620036
72,2016,New Zealand,1549,1517.332074
75,2017,New Zealand,1525,1518.731744
194,2001,Nicaragua,902,1181.693088
184,2008,Nicaragua,1018,1304.93625
177,2009,Nicaragua,1079,1305.449794
178,2010,Nicaragua,1074,1304.257972
176,2014,Nicaragua,1104,1319.99717
142,2017,Nicaragua,1267,1379.734787
68,1964,Nigeria,1516,1520.943357
63,1967,Nigeria,1542,1528.372351
46,1972,Nigeria,1622,1513.792921
41,1974,Nigeria,1638,1534.473068
41,1975,Nigeria,1651,1530.557418
31,1976,Nigeria,1702,1569.557701
36,1979,Nigeria,1677,1561.790093
32,1980,Nigeria,1681,1541.288195
68,1982,Nigeria,1520,1541.381294
60,1983,Nigeria,1557,1521.999022
62,1987,Nigeria,1542,1538.494766
51,1991,Nigeria,1598,1581.235477
31,1993,Nigeria,1703,1560.299538
31,2005,Nigeria,1755,1608.671147
46,2011,Nigeria,1665,1655.517303
41,2014,Nigeria,1675,1656.888302
44,2017,Nigeria,1696,1616.816159
77,1961,Norway,1452,1595.300518
63,1970,Norway,1536,1601.54461
72,1976,Norway,1484,1649.85571
74,1979,Norway,1475,1691.074429
68,1981,Norway,1519,1692.424978
33,1986,Norway,1713,1729.074592
30,1991,Norway,1724,1748.319592
16,1993,Norway,1854,1750.827735
15,1996,Norway,1856,1765.079608
23,2002,Norway,1798,1750.450806
25,2004,Norway,1797,1761.152262
30,2011,Norway,1755,1723.264662
54,2013,Norway,1626,1711.549541
57,2014,Norway,1626,1752.722144
205,2000,Pakistan,808,1123.625226
207,2002,Pakistan,783,1116.125029
203,2003,Pakistan,851,1131.265811
197,2006,Pakistan,890,1143.304459
202,2008,Pakistan,850,1140.716036
199,2014,Pakistan,931,1177.844643
196,2016,Pakistan,946,1243.314623
195,2017,Pakistan,946,1265.809348
117,1999,Panama,1345,1380.161809
34,2014,Panama,1714,1538.430112
42,2015,Panama,1684,1540.518652
186,2000,Papua New Guinea,1025,1147.311947
182,2010,Papua New Guinea,1046,1305.149291
25,1967,Paraguay,1718,1659.887938
29,1969,Paraguay,1731,1658.578758
26,1971,Paraguay,1752,1647.650556
23,1973,Paraguay,1777,1643.899113
24,1974,Paraguay,1767,1646.936045
34,1975,Paraguay,1676,1645.748083
30,1990,Paraguay,1742,1660.606857
30,1992,Paraguay,1714,1675.050281
32,1993,Paraguay,1694,1673.768945
31,1994,Paraguay,1694,1672.406461
26,1995,Paraguay,1765,1674.376916
20,1996,Paraguay,1811,1677.753485
31,2002,Paraguay,1764,1639.169851
27,2004,Paraguay,1774,1660.486908
22,2011,Paraguay,1783,1701.98994
32,2012,Paraguay,1719,1694.148534
26,2017,Paraguay,1753,1699.285771
30,1962,Peru,1684,1586.346413
40,1963,Peru,1640,1585.772095
38,1964,Peru,1640,1586.595577
33,1973,Peru,1672,1643.585371
23,1977,Peru,1770,1643.81073
39,1984,Peru,1640,1650.879993
65,1990,Peru,1522,1673.768347
65,1992,Peru,1542,1694.371239
65,1994,Peru,1549,1716.395557
48,2000,Peru,1669,1710.767861
50,2005,Peru,1663,1773.603888
57,2008,Peru,1611,1748.456806
31,2011,Peru,1753,1775.080057
35,2012,Peru,1709,1776.597221
23,2015,Peru,1787,1793.445774
12,2017,Peru,1882,1801.221543
211,2001,Philippines,708,1093.150679
218,2003,Philippines,683,1088.331814
205,2009,Philippines,816,1275.428495
158,2013,Philippines,1193,1342.652906
152,2014,Philippines,1225,1348.171842
33,1993,Poland,1693,1775.907104
36,2002,Poland,1709,1778.238937
50,2009,Poland,1634,1804.917258
37,2012,Poland,1705,1801.396774
24,2015,Poland,1774,1802.812499
18,2016,Poland,1852,1805.122645
30,1964,Portugal,1683,1598.641691
14,1973,Portugal,1867,1671.597748
15,1977,Portugal,1865,1695.759225
28,1986,Portugal,1760,1707.877522
28,1987,Portugal,1748,1701.858313
28,1988,Portugal,1756,1713.65604
21,1991,Portugal,1795,1750.556337
19,1994,Portugal,1866,1760.245197
11,1996,Portugal,1887,1754.669847
3,2000,Portugal,2020,1766.398117
4,2001,Portugal,2011,1768.215268
10,2012,Portugal,1904,1774.882385
8,2013,Portugal,1931,1785.381006
8,2016,Portugal,1931,1774.943022
102,1995,Qatar,1421,1462.067998
75,1996,Qatar,1507,1460.178749
66,1997,Qatar,1551,1466.203366
59,2002,Qatar,1586,1488.238263
74,2003,Qatar,1523,1482.128449
75,2004,Qatar,1527,1475.629099
73,2006,Qatar,1550,1497.205903
82,2009,Qatar,1530,1525.176913
69,2015,Qatar,1552,1518.260169
69,2016,Qatar,1566,1524.336975
92,2017,Qatar,1457,1517.365636
14,1987,Romania,1861,1720.315002
12,1989,Romania,1891,1723.746711
19,1990,Romania,1815,1720.432216
11,1994,Romania,1903,1695.482457
15,1999,Romania,1901,1716.446424
21,2001,Romania,1814,1721.599601
15,2005,Romania,1846,1744.294785
14,2006,Romania,1867,1743.423051
10,2007,Romania,1906,1754.722205
29,2012,Romania,1754,1755.730645
6,1989,Russian Federation,1954,1839.682903
11,1990,Russian Federation,1887,1840.091592
9,1991,Russian Federation,1922,1840.091592
19,1993,Russian Federation,1839,1834.69067
9,1995,Russian Federation,1899,1830.425349
29,2004,Russian Federation,1757,1838.467644
15,2013,Russian Federation,1845,1857.572092
24,2015,Russian Federation,1774,1838.843863
87,1980,Saudi Arabia,1421,1534.9321
63,1986,Saudi Arabia,1557,1565.247659
48,1988,Saudi Arabia,1591,1568.37147
52,1990,Saudi Arabia,1597,1569.243397
49,1992,Saudi Arabia,1621,1583.439341
55,2006,Saudi Arabia,1603,1605.078992
48,2007,Saudi Arabia,1656,1617.67899
50,2008,Saudi Arabia,1650,1627.263438
85,2012,Saudi Arabia,1507,1607.473053
89,2014,Saudi Arabia,1492,1608.846337
67,2017,Saudi Arabia,1575,1622.720297
65,1970,Senegal,1521,1510.637675
57,1972,Senegal,1557,1470.671934
47,1975,Senegal,1608,1495.367468
55,1976,Senegal,1566,1497.39341
51,1978,Senegal,1596,1500.05829
48,1980,Senegal,1600,1526.827605
51,1981,Senegal,1586,1519.051814
72,1984,Senegal,1496,1497.933843
61,1988,Senegal,1542,1519.264541
56,1991,Senegal,1567,1526.386448
94,1993,Senegal,1446,1529.688769
88,1995,Senegal,1463,1520.081685
98,1997,Senegal,1433,1517.54846
100,1998,Senegal,1431,1520.23606
28,2003,Senegal,1753,1529.330334
36,2004,Senegal,1692,1534.652334
72,2008,Senegal,1545,1558.899035
77,2009,Senegal,1546,1546.668326
66,2010,Senegal,1581,1551.451401
68,2013,Senegal,1570,1563.443476
46,2015,Senegal,1652,1553.869795
9,2000,Serbia,1897,1625.322148
31,2003,Serbia,1735,1703.178823
31,2006,Serbia,1761,1706.87957
34,2007,Serbia,1751,1709.410567
27,2010,Serbia,1743,1706.379978
92,1986,Sierra Leone,1389,1520.48197
75,1987,Sierra Leone,1488,1506.296747
73,1993,Sierra Leone,1512,1503.618552
88,1994,Sierra Leone,1453,1506.994025
73,1995,Sierra Leone,1535,1507.028258
97,1999,Sierra Leone,1432,1500.922697
127,2003,Sierra Leone,1319,1519.690289
127,2004,Sierra Leone,1319,1523.078554
150,2007,Sierra Leone,1221,1494.830266
123,2012,Sierra Leone,1359,1512.272868
36,1996,Slovakia,1683,1694.285415
43,1998,Slovakia,1687,1690.573328
42,2001,Slovakia,1695,1691.849919
44,2002,Slovakia,1671,1686.99737
44,2003,Slovakia,1668,1693.197422
64,2011,Slovakia,1581,1735.013168
26,2014,Slovakia,1751,1736.852781
55,1999,Slovenia,1609,1604.361158
46,2003,Slovenia,1664,1629.410168
61,2008,Slovenia,1580,1643.846364
48,2011,Slovenia,1653,1648.705552
48,2013,Slovenia,1661,1647.158023
54,2015,Slovenia,1619,1641.522798
20,1960,South Africa,1784,1515.599884
19,1965,South Africa,1784,1536.718966
22,1973,South Africa,1784,1588.843989
21,1975,South Africa,1784,1617.682381
22,1982,South Africa,1781,1614.562208
24,1990,South Africa,1781,1609.357973
24,1996,South Africa,1764,1624.574054
45,1999,South Africa,1661,1627.94876
66,2004,South Africa,1587,1605.978334
91,2006,South Africa,1477,1608.062242
58,2010,South Africa,1608,1631.19402
59,2011,South Africa,1601,1647.804839
68,2012,South Africa,1574,1644.122156
63,2013,South Africa,1584,1635.755015
57,2016,South Africa,1608,1618.299512
38,1963,South Korea,1641,1509.232638
53,1964,South Korea,1562,1514.071717
52,1965,South Korea,1567,1522.239879
53,1969,South Korea,1599,1478.839679
29,1977,South Korea,1724,1492.28675
28,1980,South Korea,1724,1585.055331
32,1988,South Korea,1729,1589.811916
37,1992,South Korea,1659,1628.96461
46,1995,South Korea,1629,1662.70423
30,2002,South Korea,1767,1669.264452
32,2009,South Korea,1749,1668.093802
6,1961,Spain,1961,1639.418255
14,1963,Spain,1847,1664.096776
11,1967,Spain,1870,1694.905388
17,1969,Spain,1805,1691.407127
11,1972,Spain,1876,1720.027845
12,1979,Spain,1895,1788.932866
16,1982,Spain,1836,1779.586166
3,1994,Spain,1996,1843.722932
3,1999,Spain,2007,1863.246094
7,2000,Spain,1961,1863.052503
6,2001,Spain,1966,1862.876801
6,2004,Spain,1966,1874.561595
2,2009,Spain,2095,1889.834954
4,2015,Spain,2003,1874.433481
85,1971,St. Vincent and the Grenadines,1420,1460.323188
68,1980,St. Vincent and the Grenadines,1520,1467.159766
64,1982,St. Vincent and the Grenadines,1531,1465.846053
83,1984,St. Vincent and the Grenadines,1453,1461.993857
88,1986,St. Vincent and the Grenadines,1411,1448.151384
95,1987,St. Vincent and the Grenadines,1390,1440.69766
98,1989,St. Vincent and the Grenadines,1374,1430.018723
114,1998,Sudan,1378,1472.132168
107,2008,Sudan,1415,1589.188853
138,2016,Sudan,1285,1608.825362
135,1998,Suriname,1283,1383.125554
134,1999,Suriname,1287,1386.769451
139,2001,Suriname,1272,1392.02149
131,2002,Suriname,1304,1381.563578
130,2003,Suriname,1304,1376.787426
141,2004,Suriname,1255,1371.584565
145,2007,Suriname,1243,1359.96301
140,2010,Suriname,1264,1336.532856
160,2016,Suriname,1215,1357.731323
17,1965,Sweden,1790,1709.28134
13,1969,Sweden,1819,1707.699573
11,1970,Sweden,1846,1709.094764
12,1971,Sweden,1841,1707.52807
18,1975,Sweden,1825,1751.977396
25,1978,Sweden,1741,1753.882685
10,1987,Sweden,1883,1760.085062
5,1989,Sweden,1961,1756.690006
17,1990,Sweden,1826,1770.809736
14,1998,Sweden,1885,1779.117451
13,2004,Sweden,1873,1765.810809
10,2005,Sweden,1904,1763.302381
20,2007,Sweden,1800,1784.566856
25,2009,Sweden,1773,1779.267054
19,2013,Sweden,1826,1801.745224
53,1963,Switzerland,1579,1646.138491
24,1982,Switzerland,1752,1740.538192
32,1996,Switzerland,1720,1754.001798
43,1997,Switzerland,1673,1751.708955
49,1998,Switzerland,1668,1753.373585
36,2004,Switzerland,1692,1761.877118
25,2005,Switzerland,1780,1763.930449
19,2007,Switzerland,1808,1779.335853
71,1989,Syria,1478,1478.260999
98,1992,Syria,1419,1491.713807
86,1998,Syria,1464,1483.130411
76,2000,Syria,1510,1475.552883
94,2004,Syria,1450,1548.551168
93,1999,Tajikistan,1441,1478.819367
137,2008,Tajikistan,1274,1458.814486
139,2010,Tajikistan,1274,1460.020842
144,2011,Tajikistan,1238,1461.344096
148,2016,Tajikistan,1246,1459.476394
147,2000,Tanzania,1229,1473.917268
127,2001,Tanzania,1316,1474.225597
140,2011,Tanzania,1262,1560.105134
120,2012,Tanzania,1364,1562.492988
126,2016,Tanzania,1319,1541.362221
95,2003,Thailand,1445,1384.746006
111,2012,Thailand,1387,1437.903853
103,2016,Thailand,1420,1440.204453
109,1998,Togo,1390,1488.548314
98,2000,Togo,1427,1514.858698
63,2005,Togo,1587,1493.020564
97,2006,Togo,1438,1492.484282
94,2009,Togo,1463,1513.211464
92,2013,Togo,1478,1517.970012
110,2015,Togo,1404,1516.60399
111,2017,Togo,1383,1521.56217
70,1960,Trinidad and Tobago,1490,1353.272658
73,1963,Trinidad and Tobago,1487,1367.118434
79,1965,Trinidad and Tobago,1455,1380.474752
89,1968,Trinidad and Tobago,1415,1374.330811
97,1970,Trinidad and Tobago,1371,1373.32361
96,1971,Trinidad and Tobago,1371,1365.955834
60,1974,Trinidad and Tobago,1542,1379.952212
88,1979,Trinidad and Tobago,1417,1408.258088
73,1981,Trinidad and Tobago,1485,1423.276969
81,1984,Trinidad and Tobago,1457,1427.254457
66,1995,Trinidad and Tobago,1561,1425.141053
81,1996,Trinidad and Tobago,1489,1427.009575
52,2000,Trinidad and Tobago,1659,1438.581508
61,2001,Trinidad and Tobago,1573,1439.144563
80,2004,Trinidad and Tobago,1510,1459.28715
80,2009,Trinidad and Tobago,1540,1475.044986
101,2012,Trinidad and Tobago,1438,1492.940108
86,2013,Trinidad and Tobago,1506,1495.368787
86,2016,Trinidad and Tobago,1490,1473.137505
101,2017,Trinidad and Tobago,1420,1475.088184
54,1970,Tunisia,1581,1499.138522
39,1976,Tunisia,1646,1530.146592
36,1979,Tunisia,1677,1538.682489
53,1982,Tunisia,1583,1544.86175
47,1984,Tunisia,1606,1542.225745
50,1985,Tunisia,1595,1540.653217
55,1986,Tunisia,1576,1548.975964
71,1987,Tunisia,1503,1549.598731
71,1988,Tunisia,1487,1555.209634
61,1991,Tunisia,1536,1569.339326
63,1995,Tunisia,1575,1584.403626
45,1996,Tunisia,1637,1587.664567
47,1999,Tunisia,1653,1589.685617
43,2001,Tunisia,1689,1586.917663
50,2003,Tunisia,1649,1588.76581
54,2007,Tunisia,1638,1581.33004
56,2008,Tunisia,1619,1579.145655
52,2009,Tunisia,1627,1579.975893
62,2014,Tunisia,1602,1577.48087
70,2015,Tunisia,1551,1583.303568
53,2017,Tunisia,1624,1586.912956
29,1964,Turkey,1689,1636.161209
39,1966,Turkey,1648,1644.435183
35,1967,Turkey,1683,1647.798739
34,1973,Turkey,1670,1683.174985
41,1977,Turkey,1652,1696.480745
38,1979,Turkey,1670,1766.669952
70,1986,Turkey,1524,1737.159491
56,1991,Turkey,1567,1814.325006
51,1994,Turkey,1617,1819.283838
24,2001,Turkey,1797,1798.578424
18,2007,Turkey,1817,1866.676657
21,2009,Turkey,1785,1863.730522
32,2011,Turkey,1745,1858.938072
23,2016,Turkey,1785,1864.385435
75,1992,Turkmenistan,1507,1450.120637
77,1994,Turkmenistan,1511,1481.244029
111,1997,Turkmenistan,1380,1473.292694
107,1999,Turkmenistan,1404,1473.352059
107,2000,Turkmenistan,1400,1472.195688
94,2003,Turkmenistan,1448,1457.68288
114,2006,Turkmenistan,1350,1501.336749
132,2009,Turkmenistan,1298,1493.217149
140,2015,Turkmenistan,1272,1492.188205
148,2017,Turkmenistan,1254,1497.441523
91,1969,Uganda,1402,1509.455015
77,1974,Uganda,1457,1519.964109
68,1978,Uganda,1492,1536.293189
78,1982,Uganda,1472,1514.358326
75,1986,Uganda,1489,1515.013177
63,1990,Uganda,1529,1507.22998
68,1991,Uganda,1492,1525.913181
77,1992,Uganda,1505,1513.17546
104,1995,Uganda,1409,1475.337079
105,1996,Uganda,1403,1478.390594
98,1998,Uganda,1432,1478.071957
113,1999,Uganda,1367,1496.402122
107,2005,Uganda,1375,1493.788232
108,2007,Uganda,1400,1481.611161
72,2010,Uganda,1564,1535.206534
70,2012,Uganda,1566,1545.015042
74,2015,Uganda,1534,1545.099747
59,1995,Ukraine,1585,1664.509236
44,1996,Ukraine,1641,1675.378309
41,2001,Ukraine,1696,1679.217094
20,2006,Ukraine,1806,1777.358087
37,2007,Ukraine,1732,1775.84489
28,2011,Ukraine,1767,1778.605839
20,2013,Ukraine,1823,1775.696579
17,2014,Ukraine,1825,1776.806781
16,2015,Ukraine,1817,1761.849864
25,2016,Ukraine,1769,1772.499651
75,1992,United Arab Emirates,1507,1466.821444
74,1995,United Arab Emirates,1530,1476.226285
71,2000,United Arab Emirates,1529,1483.332474
102,2008,United Arab Emirates,1422,1510.667365
111,2009,United Arab Emirates,1398,1503.924565
93,2010,United Arab Emirates,1473,1517.504134
112,2011,United Arab Emirates,1387,1552.729289
93,2012,United Arab Emirates,1476,1559.528932
52,2014,United Arab Emirates,1644,1568.867814
71,2017,United Arab Emirates,1563,1560.793501
77,1965,United States,1472,1472.521286
75,1966,United States,1472,1480.676487
74,1967,United States,1472,1481.84107
72,1971,United States,1464,1482.384181
69,1980,United States,1516,1515.429511
69,1981,United States,1516,1525.175406
66,1982,United States,1528,1527.95648
17,2005,United States,1841,1671.874655
29,2007,United States,1764,1672.840091
23,2010,United States,1768,1671.23392
19,2014,United States,1814,1669.763035
14,1962,Uruguay,1855,1685.854877
14,1965,Uruguay,1848,1678.937422
13,1966,Uruguay,1843,1679.474852
8,1970,Uruguay,1854,1666.905307
24,1972,Uruguay,1784,1663.679736
36,1978,Uruguay,1679,1682.56515
20,1982,Uruguay,1794,1689.78401
26,1986,Uruguay,1777,1676.134105
16,1990,Uruguay,1846,1700.895113
18,1995,Uruguay,1838,1709.430659
23,1996,Uruguay,1768,1709.838439
24,1998,Uruguay,1758,1715.797366
32,1999,Uruguay,1734,1718.409586
18,2006,Uruguay,1823,1712.085295
11,2014,Uruguay,1909,1760.856188
9,2015,Uruguay,1947,1759.548259
11,2016,Uruguay,1915,1759.688686
13,2017,Uruguay,1867,1761.883545
66,1998,Uzbekistan,1545,1512.177235
67,2005,Uzbekistan,1577,1490.309274
56,2011,Uzbekistan,1621,1575.748383
50,2014,Uzbekistan,1645,1585.784645
48,2016,Uzbekistan,1667,1594.005031
60,2017,Uzbekistan,1609,1573.346119
105,2000,Venezuela,1410,1555.089683
53,2002,Venezuela,1609,1536.603168
53,2006,Venezuela,1626,1597.339513
48,2008,Venezuela,1659,1633.020434
37,2011,Venezuela,1714,1630.381768
34,2012,Venezuela,1710,1644.039892
147,1998,Vietnam,1218,1436.582279
134,1999,Vietnam,1287,1434.160527
142,2000,Vietnam,1251,1419.758889
152,2006,Vietnam,1220,1395.104584
123,2008,Vietnam,1334,1394.248754
118,2009,Vietnam,1363,1418.457019
145,2010,Vietnam,1245,1427.40472
147,2012,Vietnam,1244,1509.526564
153,2013,Vietnam,1218,1510.952885
147,2014,Vietnam,1236,1511.941928
158,2015,Vietnam,1213,1510.466324
62,1964,Zambia,1534,1499.560175
57,1967,Zambia,1580,1474.05134
58,1969,Zambia,1565,1471.142533
69,1971,Zambia,1492,1464.304072
63,1975,Zambia,1507,1518.245364
60,1976,Zambia,1543,1521.454923
62,1979,Zambia,1544,1522.741314
67,1980,Zambia,1522,1526.392502
54,1981,Zambia,1583,1523.181122
39,1982,Zambia,1663,1522.152242
41,1984,Zambia,1627,1497.943055
55,1987,Zambia,1572,1499.825231
42,1988,Zambia,1623,1500.077646
68,1989,Zambia,1513,1516.706935
53,1990,Zambia,1590,1501.404493
45,1991,Zambia,1629,1502.062363
51,1992,Zambia,1615,1503.140286
43,1993,Zambia,1646,1503.401216
58,1998,Zambia,1591,1348.94357
84,2000,Zambia,1460,1508.76707
87,2004,Zambia,1494,1523.967461
67,2007,Zambia,1565,1558.957071
80,2008,Zambia,1525,1580.285103
61,2012,Zambia,1586,1589.32887
82,2017,Zambia,1501,1597.746442
82,1969,Zimbabwe,1450,1496.422458
75,1971,Zimbabwe,1450,1493.84166
78,1974,Zimbabwe,1450,1525.841443
81,1975,Zimbabwe,1450,1523.939843
66,1986,Zimbabwe,1535,1530.995896
69,1987,Zimbabwe,1522,1529.978188
67,1988,Zimbabwe,1502,1536.447005
84,1991,Zimbabwe,1432,1537.498783
79,1999,Zimbabwe,1494,1524.559466
79,2000,Zimbabwe,1486,1522.838475
119,2014,Zimbabwe,1360,1558.382376
89,2017,Zimbabwe,1472,1573.778139
